{
  "model": "TinyLlama/TinyLlama-1.1B-Chat-v1.0",
  "L": 22,
  "H": 2048,
  "V": 32000,
  "n_tokens": 373,
  "rank": 64,
  "dtype": "bfloat16",
  "twonn_mean_per_layer": [
    0.16365742683410645,
    3.750859498977661,
    5.960539817810059,
    8.19759750366211,
    8.435012817382812,
    8.409284591674805,
    7.943224906921387,
    8.469770431518555,
    8.074214935302734,
    8.317042350769043,
    8.5451021194458,
    8.788195610046387,
    9.085872650146484,
    9.306390762329102,
    9.255239486694336,
    9.84312915802002,
    9.534147262573242,
    8.963165283203125,
    8.996586799621582,
    8.837882995605469,
    8.487207412719727,
    8.42495346069336,
    8.13525104522705
  ],
  "twonn_std_per_layer": [
    0.01044413074851036,
    0.4236229360103607,
    0.8830680847167969,
    1.35603928565979,
    1.1678001880645752,
    1.0946675539016724,
    0.978234589099884,
    1.0206571817398071,
    0.8530024290084839,
    0.9063794612884521,
    0.9221963882446289,
    0.93906569480896,
    0.9784073829650879,
    1.0369023084640503,
    1.013453722000122,
    1.111176609992981,
    1.0872982740402222,
    0.9322080612182617,
    0.9905149340629578,
    1.0178337097167969,
    0.9716967940330505,
    0.9621581435203552,
    0.9328742623329163
  ],
  "twonn_mean_grand": 7.99670992726865,
  "per_transition": [
    {
      "mean_angle": 1.5752875804901123,
      "median_angle": 1.7128465175628662,
      "max_angle": 3.1415927410125732,
      "hist_counts": [
        7.0,
        2.0,
        4.0,
        0.0,
        4.0,
        0.0,
        4.0,
        0.0,
        4.0,
        2.0,
        2.0,
        2.0,
        0.0,
        4.0,
        2.0,
        6.0,
        0.0,
        4.0,
        2.0,
        4.0,
        0.0,
        2.0,
        2.0,
        7.0
      ],
      "n_carry": 9,
      "n_flip": 9,
      "n_mid": 46,
      "mode_concentration": 0.28125
    },
    {
      "mean_angle": 1.526209831237793,
      "median_angle": 1.3351324796676636,
      "max_angle": 3.1415927410125732,
      "hist_counts": [
        4.0,
        2.0,
        4.0,
        4.0,
        2.0,
        2.0,
        4.0,
        4.0,
        0.0,
        4.0,
        2.0,
        4.0,
        0.0,
        2.0,
        2.0,
        2.0,
        2.0,
        4.0,
        0.0,
        2.0,
        4.0,
        4.0,
        2.0,
        4.0
      ],
      "n_carry": 6,
      "n_flip": 6,
      "n_mid": 52,
      "mode_concentration": 0.1875
    },
    {
      "mean_angle": 1.5213532447814941,
      "median_angle": 1.4569282531738281,
      "max_angle": 3.085214853286743,
      "hist_counts": [
        6.0,
        4.0,
        2.0,
        0.0,
        4.0,
        2.0,
        2.0,
        2.0,
        2.0,
        6.0,
        0.0,
        4.0,
        2.0,
        2.0,
        2.0,
        4.0,
        0.0,
        2.0,
        4.0,
        0.0,
        6.0,
        2.0,
        4.0,
        2.0
      ],
      "n_carry": 10,
      "n_flip": 8,
      "n_mid": 46,
      "mode_concentration": 0.28125
    },
    {
      "mean_angle": 1.4743952751159668,
      "median_angle": 1.3411012887954712,
      "max_angle": 3.1415927410125732,
      "hist_counts": [
        7.0,
        2.0,
        4.0,
        4.0,
        0.0,
        4.0,
        2.0,
        2.0,
        6.0,
        0.0,
        2.0,
        2.0,
        4.0,
        0.0,
        2.0,
        2.0,
        4.0,
        0.0,
        2.0,
        2.0,
        2.0,
        4.0,
        2.0,
        5.0
      ],
      "n_carry": 9,
      "n_flip": 11,
      "n_mid": 44,
      "mode_concentration": 0.3125
    },
    {
      "mean_angle": 1.594767451286316,
      "median_angle": 1.4563350677490234,
      "max_angle": 3.1415927410125732,
      "hist_counts": [
        4.0,
        4.0,
        6.0,
        0.0,
        4.0,
        2.0,
        2.0,
        2.0,
        2.0,
        2.0,
        0.0,
        6.0,
        0.0,
        0.0,
        2.0,
        2.0,
        4.0,
        0.0,
        4.0,
        4.0,
        2.0,
        2.0,
        2.0,
        8.0
      ],
      "n_carry": 12,
      "n_flip": 10,
      "n_mid": 42,
      "mode_concentration": 0.34375
    },
    {
      "mean_angle": 1.6331939697265625,
      "median_angle": 1.5528408288955688,
      "max_angle": 3.1415927410125732,
      "hist_counts": [
        4.0,
        0.0,
        6.0,
        2.0,
        2.0,
        2.0,
        2.0,
        2.0,
        6.0,
        0.0,
        2.0,
        4.0,
        2.0,
        2.0,
        0.0,
        4.0,
        2.0,
        2.0,
        4.0,
        4.0,
        0.0,
        4.0,
        4.0,
        4.0
      ],
      "n_carry": 6,
      "n_flip": 8,
      "n_mid": 50,
      "mode_concentration": 0.21875
    },
    {
      "mean_angle": 1.5360584259033203,
      "median_angle": 1.5601991415023804,
      "max_angle": 3.1415927410125732,
      "hist_counts": [
        5.0,
        4.0,
        4.0,
        2.0,
        4.0,
        0.0,
        2.0,
        2.0,
        6.0,
        2.0,
        0.0,
        2.0,
        2.0,
        4.0,
        2.0,
        2.0,
        2.0,
        0.0,
        2.0,
        4.0,
        0.0,
        2.0,
        4.0,
        7.0
      ],
      "n_carry": 9,
      "n_flip": 11,
      "n_mid": 44,
      "mode_concentration": 0.3125
    },
    {
      "mean_angle": 1.5427697896957397,
      "median_angle": 1.4236600399017334,
      "max_angle": 3.1415927410125732,
      "hist_counts": [
        6.0,
        4.0,
        2.0,
        2.0,
        2.0,
        2.0,
        2.0,
        2.0,
        2.0,
        6.0,
        2.0,
        2.0,
        2.0,
        2.0,
        0.0,
        4.0,
        0.0,
        4.0,
        2.0,
        4.0,
        0.0,
        4.0,
        2.0,
        6.0
      ],
      "n_carry": 10,
      "n_flip": 8,
      "n_mid": 46,
      "mode_concentration": 0.28125
    },
    {
      "mean_angle": 1.7182812690734863,
      "median_angle": 1.9080060720443726,
      "max_angle": 3.1415927410125732,
      "hist_counts": [
        4.0,
        4.0,
        2.0,
        0.0,
        4.0,
        0.0,
        4.0,
        0.0,
        4.0,
        2.0,
        2.0,
        0.0,
        4.0,
        0.0,
        4.0,
        4.0,
        4.0,
        0.0,
        2.0,
        4.0,
        2.0,
        4.0,
        4.0,
        6.0
      ],
      "n_carry": 8,
      "n_flip": 10,
      "n_mid": 46,
      "mode_concentration": 0.28125
    },
    {
      "mean_angle": 1.712350845336914,
      "median_angle": 1.8389259576797485,
      "max_angle": 3.1415927410125732,
      "hist_counts": [
        5.0,
        4.0,
        4.0,
        2.0,
        2.0,
        0.0,
        2.0,
        2.0,
        0.0,
        0.0,
        4.0,
        2.0,
        2.0,
        2.0,
        4.0,
        2.0,
        2.0,
        2.0,
        2.0,
        2.0,
        2.0,
        6.0,
        4.0,
        7.0
      ],
      "n_carry": 11,
      "n_flip": 13,
      "n_mid": 40,
      "mode_concentration": 0.375
    },
    {
      "mean_angle": 1.4473828077316284,
      "median_angle": 1.2086920738220215,
      "max_angle": 3.103672504425049,
      "hist_counts": [
        4.0,
        4.0,
        6.0,
        0.0,
        4.0,
        4.0,
        6.0,
        2.0,
        0.0,
        2.0,
        0.0,
        2.0,
        4.0,
        2.0,
        0.0,
        2.0,
        4.0,
        0.0,
        2.0,
        4.0,
        4.0,
        2.0,
        2.0,
        4.0
      ],
      "n_carry": 10,
      "n_flip": 8,
      "n_mid": 46,
      "mode_concentration": 0.28125
    },
    {
      "mean_angle": 1.3936556577682495,
      "median_angle": 1.2713088989257812,
      "max_angle": 3.1415927410125732,