{
  "dimensions": {
    "layer_0": 92.08837549393802,
    "layer_1": 3.450417816409486,
    "layer_2": 4.729409111648869,
    "layer_3": 6.143107460580688,
    "layer_4": 7.2710049827516166,
    "layer_5": 8.914702486537582,
    "layer_6": 10.15606671159562
  },
  "species_dims": {},
  "training_loss": 0.011606710962951183
}