{
  "layer_cosines_avg": [
    0.9265222698450089,
    0.9706409424543381,
    0.9795258194208145,
    0.964319258928299,
    0.9416047185659409,
    0.9607452154159546,
    0.9431871473789215,
    0.9333264976739883,
    0.9403019100427628,
    0.9342406392097473,
    0.9035704880952835,
    0.9048010259866714,
    0.8805992007255554,
    0.9068256616592407,
    0.9196528196334839,
    0.9285514503717422,
    0.9421201050281525,
    0.9528399258852005,
    0.9581931978464127,
    0.9615076929330826,
    0.9610303640365601,
    0.9584087282419205,
    0.9636062681674957,
    0.9586990475654602,
    0.9596776366233826,
    0.9598647207021713,
    0.9512952715158463,
    0.9454558044672012,
    0.9592480659484863,
    0.9536122828722,
    0.957534059882164,
    0.9614470303058624,
    0.9659736901521683,
    0.9680310487747192,
    0.9711498618125916,
    0.972661167383194,
    0.9657537490129471,
    0.9619833081960678,
    0.37428127974271774
  ],
  "n_prompts": 8,
  "n_future": 10
}