{
  "router_params": 1387264,
  "tree_params": 209756160,
  "router_final_loss": 0.007442296948283911,
  "tree_final_loss": 0.21359527111053467,
  "n_steps": 300
}