{
  "atlas_layer": 35,
  "k_manifold": 14,
  "r_density_atlas": 0.04042669503766583,
  "r_curvature_atlas": 0.054278140813335485
}