{
  "model": "Qwen3-14B",
  "n_layers": 40,
  "results": [
    {
      "prompt": "The future of artificial intelligence will transfo",
      "n_tokens": 15,
      "per_layer_match": [
        0.0,
        0.0,
        0.0,
        0.0,
        0.0,
        0.0,
        0.0,
        0.0,
        0.0,
        0.0,
        0.0,
        0.0,
        0.0,
        0.0,
        0.0,
        0.0,
        0.0,
        0.0,
        0.0,
        0.0,
        0.0,
        0.0,
        0.0,
        0.0,
        0.0,
        0.0,
        6.666667014360428,
        20.000001788139343,
        20.000001788139343,
        40.00000357627869,
        33.33333432674408,
        33.33333432674408,
        26.66666805744171,
        46.666669845581055,
        53.33333611488342,
        66.66666865348816,
        66.66666865348816,
        66.66666865348816,
        66.66666865348816,
        100.0
      ],
      "per_layer_conf": [
        0.3728709816932678,
        0.33342090249061584,
        0.30946338176727295,
        0.29258352518081665,
        0.2704901099205017,
        0.29780733585357666,
        0.2536701261997223,
        0.23824891448020935,
        0.23054702579975128,
        0.22460012137889862,
        0.2332797646522522,
        0.252474844455719,
        0.23570261895656586,
        0.21678566932678223,
        0.22605197131633759,
        0.24308279156684875,
        0.20591066777706146,
        0.17286743223667145,
        0.15259118378162384,
        0.15838631987571716,
        0.12772701680660248,
        0.13519659638404846,
        0.1626516878604889,
        0.13034163415431976,
        0.1916402131319046,
        0.1773492842912674,
        0.2669617533683777,
        0.32606077194213867,
        0.43329960107803345,
        0.5244842171669006,
        0.6425134539604187,
        0.7332943081855774,
        0.802592396736145,
        0.7383678555488586,
        0.7536377310752869,
        0.751940906047821,
        0.7365808486938477,
        0.7655635476112366,
        0.7081438899040222,
        0.5694845914840698
      ]
    },
    {
      "prompt": "In quantum mechanics particles can exist in superp",
      "n_tokens": 14,
      "per_layer_match": [
        0.0,
        0.0,
        0.0,
        0.0,
        0.0,
        0.0,
        0.0,
        0.0,
        0.0,
        0.0,
        0.0,
        0.0,
        0.0,
        0.0,
        0.0,
        0.0,
        0.0,
        0.0,
        0.0,
        0.0,
        0.0,
        0.0,
        0.0,
        7.14285746216774,
        7.14285746216774,
        7.14285746216774,
        14.28571492433548,
        21.42857313156128,
        14.28571492433548,
        14.28571492433548,
        42.85714626312256,
        35.71428656578064,
        42.85714626312256,
        57.14285969734192,
        57.14285969734192,
        71.42857313156128,
        64.28571939468384,
        71.42857313156128,
        71.42857313156128,
        100.0
      ],
      "per_layer_conf": [
        0.4290330410003662,
        0.34771260619163513,
        0.32083186507225037,
        0.3229009807109833,
        0.32607483863830566,
        0.36943572759628296,
        0.3535173535346985,
        0.17561930418014526,
        0.1677098125219345,
        0.21779820322990417,
        0.18035998940467834,
        0.17895950376987457,
        0.19875584542751312,
        0.267286479473114,
        0.2523239850997925,
        0.1982143670320511,
        0.24470090866088867,
        0.20309020578861237,
        0.161107137799263,
        0.18435129523277283,
        0.14153330028057098,
        0.15529084205627441,
        0.15244659781455994,
        0.1760067343711853,
        0.18886175751686096,
        0.24205175042152405,
        0.32308492064476013,
        0.4394814968109131,
        0.4905295670032501,
        0.5000721216201782,
        0.5662555694580078,
        0.6514303684234619,
        0.7334533929824829,
        0.7504217028617859,
        0.7935695052146912,
        0.8489277958869934,
        0.8834525346755981,
        0.8892314434051514,
        0.7932522892951965,
        0.642011821269989
      ]
    },
    {
      "prompt": "def fibonacci(n):\n    if n <= 1:\n        return n\n",
      "n_tokens": 30,
      "per_layer_match": [
        0.0,
        0.0,
        0.0,
        0.0,
        0.0,
        0.0,
        0.0,
        0.0,
        0.0,
        0.0,
        0.0,
        0.0,
        0.0,
        0.0,
        0.0,
        3.333333507180214,
        6.666667014360428,
        6.666667014360428,
        6.666667014360428,
        6.666667014360428,
        3.333333507180214,
        3.333333507180214,
        3.333333507180214,
        6.666667014360428,
        6.666667014360428,
        6.666667014360428,
        13.333334028720856,
        20.000001788139343,
        30.000001192092896,
        40.00000357627869,
        33.33333432674408,
        33.33333432674408,
        40.00000357627869,
        50.0,
        63.333338499069214,
        66.66666865348816,
        76.66667103767395,
        86.66667342185974,
        93.33333969116211,
        100.0
      ],
      "per_layer_conf": [
        0.3174537122249603,
        0.34128057956695557,
        0.38259395956993103,
        0.39639779925346375,
        0.38930055499076843,
        0.4016619920730591,
        0.33219268918037415,
        0.21077895164489746,
        0.06101936846971512,
        0.024115364998579025,
        0.02186521328985691,
        0.04465324059128761,
        0.0672849640250206,
        0.08557341992855072,
        0.07733975350856781,
        0.07420473545789719,
        0.11737223714590073,
        0.0932043120265007,
        0.13745588064193726,
        0.11399602890014648,
        0.08538783341646194,
        0.1390032023191452,
        0.11691554635763168,
        0.12741127610206604,
        0.1327272206544876,
        0.2304595410823822,
        0.23071332275867462,
        0.28570201992988586,
        0.38071125745773315,
        0.4663315713405609,
        0.5237619280815125,
        0.6640130877494812,
        0.6497049927711487,
        0.7202363610267639,
        0.7936825156211853,
        0.8581974506378174,
        0.8486958146095276,
        0.8942987322807312,
        0.8774037957191467,
        0.8320714831352234
      ]
    },
    {
      "prompt": "The French Revolution began in 1789 and fundamenta",
      "n_tokens": 18,
      "per_layer_match": [
        0.0,
        0.0,
        0.0,
        0.0,
        0.0,
        0.0,
        0.0,
        0.0,
        0.0,
        0.0,
        0.0,
        0.0,
        0.0,
        0.0,
        0.0,
        0.0,
        0.0,
        0.0,
        0.0,
        0.0,
        0.0,
        0.0,
        0.0,
        0.0,
        0.0,
        0.0,
        0.0,
        0.0,
        5.55555559694767,
        11.11111119389534,
        11.11111119389534,
        5.55555559694767,
        5.55555559694767,
        16.66666716337204,
        27.77777910232544,
        27.77777910232544,
        44.44444477558136,
        66.66666865348816,
        72.22222089767456,
        100.0
      ],