{
  "K": 4,
  "n_params": 209756160,
  "n_steps": 500,
  "final_loss": 0.0020294189453125,
  "base_acc": 0.6666666865348816,
  "elapsed_s": 1323.861793756485
}