{
  "model": "Qwen/Qwen3-0.6B",
  "L": 28,
  "d": 1024,
  "wormhole_shape": {
    "residual_pr": [
      44.324371337890625,
      15.458760261535645,
      8.417298316955566,
      1.0026499032974243,
      1.0038927793502808,
      1.0048805475234985,
      1.0070343017578125,
      1.0083447694778442,
      1.0098284482955933,
      1.011584997177124,
      1.0150922536849976,
      1.020851969718933,
      1.0307048559188843,
      1.033835768699646,
      1.0385955572128296,
      1.0427234172821045,
      1.0534615516662598,
      1.0908195972442627,
      1.1339296102523804,
      1.1954314708709717,
      1.3072779178619385,
      1.4833914041519165,
      1.696187973022461,
      1.880711555480957,
      2.1287853717803955,
      2.162280797958374,
      2.120222568511963,
      1.9479418992996216,
      3.726998805999756
    ],
    "residual_norm": [
      14.23731803894043,
      131.38986206054688,
      171.0137176513672,
      5119.755859375,
      5121.12890625,
      5122.47021484375,
      5125.49951171875,
      5125.7490234375,
      5126.12060546875,
      5125.55126953125,
      5125.591796875,
      5134.890625,
      5149.490234375,
      5152.84912109375,
      5160.078125,
      5164.4033203125,
      5178.49365234375,
      5231.54931640625,
      5311.123046875,
      5421.92578125,
      5602.044921875,
      5912.35400390625,
      6358.94384765625,
      6921.8759765625,
      7606.19873046875,
      8610.1181640625,
      9685.3515625,
      10613.9462890625,
      1891.1939697265625
    ],
    "K_pr": [
      1.154083251953125,
      1.060825228691101,
      1.1599568128585815,
      1.2134079933166504,
      1.2176676988601685,
      1.1129339933395386,
      1.6702879667282104,
      1.235674500465393,
      2.5185515880584717,
      1.772760033607483,
      1.2437565326690674,
      3.6059772968292236,
      1.4471759796142578,
      4.027054309844971,
      2.9473752975463867,
      1.6997227668762207,
      3.820814371109009,
      1.8149124383926392,
      3.075792074203491,
      2.9222469329833984,
      3.361668109893799,
      2.602686643600464,
      3.208827018737793,
      3.3946664333343506,
      3.3772032260894775,
      3.6423392295837402,
      4.235165596008301,
      1.7972298860549927
    ],
    "V_pr": [
      35.67915725708008,
      34.149322509765625,
      32.718563079833984,
      31.77713394165039,
      33.23537063598633,
      26.51439666748047,
      26.168346405029297,
      32.871368408203125,
      5.80457067489624,
      26.221296310424805,
      20.65484619140625,
      14.503146171569824,
      2.468136787414551,
      2.611161947250366,
      2.8484766483306885,
      24.0493221282959,
      17.104068756103516,
      19.144746780395508,
      22.90469741821289,
      29.1372013092041,
      28.455398559570312,
      31.80019760131836,
      30.927072525024414,
      37.29269027709961,
      34.61363983154297,
      37.21647644042969,
      30.315549850463867,
      13.056928634643555
    ],
    "throat_pr": 1.0026499032974243,
    "mouth_pr": 44.324371337890625,
    "throat_layer": 3,
    "magnitude_pump": 745.5018044853911
  },
  "weight_rank": {
    "initial_avg_rank": 1024.0,
    "final_avg_rank": 870.0,
    "compression_ratio": 1.1770114942528735,
    "stages": [
      {
        "stage": 1,
        "avg_rank": 973.0,
        "loss": 2.8029140744890486,
        "delta": -0.27745059558323426,
        "duration_s": 66.60858917236328
      },
      {
        "stage": 2,
        "avg_rank": 924.0,
        "loss": 3.064222914831979,
        "delta": -0.016141755240303812,
        "duration_s": 89.33227705955505
      },
      {
        "stage": 3,
        "avg_rank": 878.0,
        "loss": 3.138546943664551,
        "delta": 0.05818227359226791,
        "duration_s": 102.44022870063782
      },
      {
        "stage": 4,
        "avg_rank": 870.0,
        "loss": 3.3263461589813232,
        "delta": 0.24598148890904037,
        "duration_s": 95.30437302589417
      }
    ]
  },
  "kv_compression": {
    "initial_avg_kv_rank": 870.0,
    "final_avg_kv_rank": 652.0,
    "compression_ratio": 1.334355828220859,
    "stages": [
      {
        "stage": 1,
        "avg_kv_rank": 652.0,
        "loss": 3.7619026729038785,
        "delta": 0.6815380028315956,
        "duration_s": 71.15743803977966
      }
    ]
  },
  "baseline_loss": 3.080364670072283,
  "baseline_ppl": 21.766338481310076,
  "final_loss": 3.7619026729038785,
  "final_ppl": 43.03022057464186,
  "final_delta": 0.6815380028315956
}