{
  "base_base": 41.433324879064315,
  "base_Q8": 50.60750605427724,
  "base_Q6": 50.53672229492047,
  "base_Q4": 88.7372765816875,
  "base_Q3": 55770.982850588254,
  "base_Q2": 67380716.73446977,
  "base_Q1": 296962519.1579573,
  "ngpt_base": 58.85172188148105,
  "ngpt_Q8": 56.82739020108609,
  "ngpt_Q6": 101.13549473809796,
  "ngpt_Q4": 20074381.583220553,
  "ngpt_Q3": 14451252278.24025,
  "ngpt_Q2": 84924849.34001693,
  "ngpt_Q1": 22560964.41757407
}