{
  "kv_floor_ppl": 16.267043696289377,
  "cross_q8_ppl": 150.375970479944,
  "ratio": 8.12843083675373
}