{
  "checkpoint": "Qwen/Qwen3-0.6B",
  "n_seqs": 10,
  "anchors_per_seq": 5,
  "summary": {
    "pad": {
      "per_offset": [
        1.0,
        0.0,
        0.02,
        0.0,
        0.04,
        0.0,
        0.0,
        0.02,
        0.0,
        0.0
      ],
      "chained": 2.0
    },
    "eos": {
      "per_offset": [
        1.0,
        0.0,
        0.0,
        0.0,
        0.0,
        0.0,
        0.0,
        0.0,
        0.0,
        0.0
      ],
      "chained": 2.0
    },
    "unk": {
      "per_offset": [
        1.0,
        0.0,
        0.02,
        0.0,
        0.04,
        0.0,
        0.0,
        0.02,
        0.0,
        0.0
      ],
      "chained": 2.0
    },
    "self": {
      "per_offset": [
        1.0,
        0.06,
        0.08,
        0.02,
        0.08,
        0.0,
        0.04,
        0.02,
        0.02,
        0.02
      ],
      "chained": 2.06490368
    },
    "shift": {
      "per_offset": [
        1.0,
        0.44,
        0.4,
        0.26,
        0.16,
        0.16,
        0.28,
        0.32,
        0.22,
        0.28
      ],
      "chained": 2.67071558356566
    }
  }
}