{
  "checkpoint": "Qwen/Qwen3-0.6B",
  "base_ce": 3.9019337743520737,
  "base_ppl": 49.498074723925,
  "binary_per_row_alpha": {
    "ce": 17.24251015484333,
    "ppl": 30784139.217745885,
    "delta_ce": 13.340576380491257
  },
  "binary_global_alpha": {
    "ce": 16.132566899061203,
    "ppl": 10145764.635339372,
    "delta_ce": 12.23063312470913
  }
}