{
  "small": "Qwen/Qwen3-0.6B",
  "large": "Qwen/Qwen3-1.7B",
  "results": {
    "0.10": {
      "d_small": 1024,
      "d_large": 2048,
      "n_samples": 40,
      "n_corrs": 40,
      "corrs": [
        1.0000001192092896,
        1.0000001192092896,
        1.0000001192092896,
        1.0000001192092896,
        1.0000001192092896,
        1.0000001192092896,
        1.0000001192092896,
        1.0000001192092896,
        1.0000001192092896,
        1.0000001192092896,
        1.0000001192092896,
        1.0,
        1.0,
        1.0,
        1.0,
        1.0,
        1.0,
        1.0,
        1.0,
        1.0,
        1.0,
        1.0,
        1.0,
        1.0,
        0.9999999403953552,
        0.9999999403953552,
        0.9999999403953552,
        0.9999999403953552,
        0.9999999403953552,
        0.9999999403953552,
        0.9999999403953552,
        0.9999999403953552,
        0.9999999403953552,
        0.9999998807907104,
        0.9999998807907104,
        0.9999998807907104,
        0.9999998807907104,
        0.9999998807907104,
        0.9999998807907104,
        0.9999998807907104
      ],
      "top_1": 1.0000001192092896,
      "top_5_avg": 1.0000001192092896,
      "top_10_avg": 1.0000001192092896,
      "mean_all": 1.0,
      "frac_above_0_9": 1.0,
      "frac_above_0_7": 1.0
    },
    "0.25": {
      "d_small": 1024,
      "d_large": 2048,
      "n_samples": 40,
      "n_corrs": 40,
      "corrs": [
        1.000000238418579,
        1.0000001192092896,
        1.0000001192092896,
        1.0000001192092896,
        1.0000001192092896,
        1.0000001192092896,
        1.0000001192092896,
        1.0000001192092896,
        1.0000001192092896,
        1.0000001192092896,
        1.0000001192092896,
        1.0,
        1.0,
        1.0,
        1.0,
        1.0,
        1.0,
        1.0,
        1.0,
        1.0,
        1.0,
        1.0,
        1.0,
        1.0,
        0.9999999403953552,
        0.9999999403953552,
        0.9999999403953552,
        0.9999999403953552,
        0.9999999403953552,
        0.9999999403953552,
        0.9999999403953552,
        0.9999999403953552,
        0.9999998807907104,
        0.9999998807907104,
        0.9999998807907104,
        0.9999998807907104,
        0.9999998807907104,
        0.9999998807907104,
        0.9999998211860657,
        0.9999998211860657
      ],
      "top_1": 1.000000238418579,
      "top_5_avg": 1.0000001192092896,
      "top_10_avg": 1.000000238418579,
      "mean_all": 1.0,
      "frac_above_0_9": 1.0,
      "frac_above_0_7": 1.0
    },
    "0.50": {
      "d_small": 1024,
      "d_large": 2048,
      "n_samples": 40,
      "n_corrs": 40,
      "corrs": [
        1.0000001192092896,
        1.0000001192092896,
        1.0000001192092896,
        1.0000001192092896,
        1.0000001192092896,
        1.0000001192092896,
        1.0000001192092896,
        1.0000001192092896,
        1.0000001192092896,
        1.0000001192092896,
        1.0000001192092896,
        1.0,
        1.0,
        1.0,
        1.0,
        1.0,
        1.0,
        1.0,
        1.0,
        1.0,
        1.0,
        1.0,
        1.0,
        1.0,
        0.9999999403953552,
        0.9999999403953552,
        0.9999999403953552,
        0.9999999403953552,
        0.9999999403953552,
        0.9999999403953552,
        0.9999999403953552,
        0.9999999403953552,
        0.9999998807907104,
        0.9999998807907104,
        0.9999998807907104,
        0.9999998807907104,
        0.9999998807907104,
        0.9999998807907104,
        0.9999998807907104,
        0.9999998211860657
      ],
      "top_1": 1.0000001192092896,
      "top_5_avg": 1.0000001192092896,
      "top_10_avg": 1.0000001192092896,
      "mean_all": 1.0,
      "frac_above_0_9": 1.0,
      "frac_above_0_7": 1.0
    },
    "0.75": {
      "d_small": 1024,
      "d_large": 2048,
      "n_samples": 40,
      "n_corrs": 40,
      "corrs": [
        1.0000001192092896,
        1.0000001192092896,
        1.0000001192092896,
        1.0000001192092896,
        1.0000001192092896,
        1.0000001192092896,
        1.0000001192092896,
        1.0000001192092896,
        1.0000001192092896,
        1.0000001192092896,
        1.0000001192092896,
        1.0000001192092896,
        1.0000001192092896,
        1.0,
        1.0,
        1.0,
        1.0,
        1.0,
        1.0,
        1.0,
        1.0,
        1.0,
        1.0,
        1.0,
        1.0,
        0.9999999403953552,
        0.9999999403953552,
        0.9999999403953552,
        0.9999999403953552,
        0.9999999403953552,
        0.9999999403953552,
        0.9999999403953552,
        0.9999998807907104,
        0.9999998807907104,
        0.9999998807907104,
        0.9999998807907104,
        0.9999998807907104,
        0.9999998807907104,
        0.9999998211860657,
        0.9999998211860657
      ],
      "top_1": 1.0000001192092896,
      "top_5_avg": 1.0000001192092896,
      "top_10_avg": 1.0000001192092896,
      "mean_all": 1.0,
      "frac_above_0_9": 1.0,
      "frac_above_0_7": 1.0
    },
    "0.90": {
      "d_small": 1024,
      "d_large": 2048,
      "n_samples": 40,
      "n_corrs": 40,
      "corrs": [
        1.0000001192092896,
        1.0000001192092896,
        1.0000001192092896,
        1.0000001192092896,
        1.0000001192092896,
        1.0000001192092896,
        1.0000001192092896,
        1.0000001192092896,
        1.0000001192092896,
        1.0,
        1.0,
        1.0,
        1.0,
        1.0,
        1.0,
        1.0,
        1.0,
        1.0,
        1.0,
        1.0,
        1.0,
        1.0,
        1.0,
        1.0,
        0.9999999403953552,
        0.9999999403953552,
        0.9999999403953552,
        0.9999999403953552,
        0.9999999403953552,
        0.9999999403953552,
        0.9999999403953552,
        0.9999998807907104,
        0.9999998807907104,
        0.9999998807907104,
        0.9999998807907104,
        0.9999998807907104,
        0.9999998807907104,
        0.9999998807907104,
        0.9999998211860657,
        0.9999998211860657
      ],
      "top_1": 1.0000001192092896,
      "top_5_avg": 1.0000001192092896,
      "top_10_avg": 1.0000001192092896,
      "mean_all": 1.0,
      "frac_above_0_9": 1.0,
      "frac_above_0_7": 1.0
    }
  }
}