{
  "model": "Qwen/Qwen3-0.6B",
  "n_records": 894,
  "r2": {
    "summary (17)": {
      "linear": 0.4308415589814687,
      "mlp": 0.4211109901249752
    },
    "+curvature (28)": {
      "linear": 0.4859739776517503,
      "mlp": 0.5315984983195576
    },
    "+quantum (36)": {
      "linear": 0.48587187348001337,
      "mlp": 0.5426955878846764
    },
    "+structural (49)": {
      "linear": 0.5340316271653487,
      "mlp": 0.6120668491525589
    },
    "h_final PCA-64": {
      "linear": 0.6216359152810248,
      "mlp": 0.84816364968796
    }
  },
  "coverage_linear": 0.8590746030559181,
  "coverage_mlp": 0.7216376808623416
}