{
  "models": {
    "baseline": {
      "L": 28,
      "d_model": 1024,
      "residual_pr": [
        44.324371337890625,
        15.458755493164062,
        8.417296409606934,
        1.0026499032974243,
        1.0038927793502808,
        1.004880666732788,
        1.0070343017578125,
        1.0083447694778442,
        1.0098284482955933,
        1.011584997177124,
        1.0150922536849976,
        1.020851969718933,
        1.0307048559188843,
        1.033835768699646,
        1.0385955572128296,
        1.042723298072815,
        1.0534616708755493,
        1.0908197164535522,
        1.13392972946167,
        1.1954315900802612,
        1.307278037071228,
        1.4833916425704956,
        1.6961884498596191,
        1.8807119131088257,
        2.1287853717803955,
        2.162280559539795,
        2.120222568511963,
        1.9479421377182007,
        3.7270002365112305
      ],
      "residual_norm": [
        14.23731803894043,
        131.38986206054688,
        171.0137176513672,
        5119.755859375,
        5121.12841796875,
        5122.4697265625,
        5125.50048828125,
        5125.74853515625,
        5126.11962890625,
        5125.5517578125,
        5125.59130859375,
        5134.8896484375,
        5149.490234375,
        5152.8486328125,
        5160.0791015625,
        5164.40380859375,
        5178.49365234375,
        5231.54833984375,
        5311.1220703125,
        5421.9248046875,
        5602.0439453125,
        5912.35400390625,
        6358.943359375,
        6921.87646484375,
        7606.1982421875,
        8610.1171875,
        9685.3505859375,
        10613.9443359375,
        1891.1939697265625
      ],
      "K_pr": [
        1.154083251953125,
        1.0608253479003906,
        1.1599568128585815,
        1.2134079933166504,
        1.2176676988601685,
        1.1129339933395386,
        1.6702879667282104,
        1.2356743812561035,
        2.518551826477051,
        1.7727599143981934,
        1.2437565326690674,
        3.6059789657592773,
        1.4471758604049683,
        4.027055740356445,
        2.9473764896392822,
        1.6997230052947998,
        3.820816993713379,
        1.8149126768112183,
        3.075793981552124,
        2.922248601913452,
        3.3616697788238525,
        2.602687358856201,
        3.2088301181793213,
        3.394667625427246,
        3.377204179763794,
        3.642341375350952,
        4.235167980194092,
        1.7972302436828613
      ],
      "V_pr": [
        35.67916488647461,
        34.149330139160156,
        32.71855163574219,
        31.77713394165039,
        33.235347747802734,
        26.514402389526367,
        26.168346405029297,
        32.8713493347168,
        5.80457878112793,
        26.221290588378906,
        20.65485382080078,
        14.503148078918457,
        2.4681384563446045,
        2.611163377761841,
        2.8484771251678467,
        24.04932403564453,
        17.10407257080078,
        19.144758224487305,
        22.904708862304688,
        29.137218475341797,
        28.455400466918945,
        31.800203323364258,
        30.92707061767578,
        37.29267501831055,
        34.613643646240234,
        37.21648406982422,
        30.315553665161133,
        13.056933403015137
      ],
      "id": "Qwen/Qwen3-0.6B"
    },
    "bitnet": {
      "L": 30,
      "d_model": 2560,
      "residual_pr": [
        6.898314476013184,
        11.86536979675293,
        13.337867736816406,
        9.798409461975098,
        4.188549518585205,
        3.2170767784118652,
        2.6006717681884766,
        2.298412322998047,
        2.44136643409729,
        2.7031664848327637,
        3.06280517578125,
        3.597463846206665,
        4.062408924102783,
        4.6272172927856445,
        5.019412040710449,
        5.018670082092285,
        5.30366849899292,
        5.155407428741455,
        4.57995080947876,
        4.128049373626709,
        4.142188549041748,
        4.069109916687012,
        3.795771837234497,
        3.1437323093414307,
        2.811612367630005,
        2.53118634223938,
        2.2588348388671875,
        2.008143901824951,
        1.734782338142395,
        1.501006841659546,
        9.929186820983887
      ],
      "residual_norm": [
        755.4157104492188,
        46943.796875,
        60615.80859375,
        87576.625,
        127869.1640625,
        177232.71875,
        240057.90625,
        300442.6875,
        356945.875,
        407089.53125,
        459202.21875,
        513263.15625,
        576545.75,
        653531.6875,
        732714.0,
        816798.625,
        945519.625,
        1087607.625,
        1265308.125,
        1509443.25,
        1778225.25,
        2044700.875,
        2303325.75,
        2731108.25,
        3076116.0,
        3490794.5,
        3966364.25,
        4521431.5,
        5293751.0,
        6446787.0,
        47.01442337036133
      ],
      "K_pr": [
        2.2527337074279785,
        2.5092692375183105,
        3.9568560123443604,
        3.50034236907959,
        5.116268634796143,
        4.588246822357178,
        4.395193099975586,
        4.9625678062438965,
        5.733768463134766,
        4.886140823364258,
        5.253467082977295,
        5.36454963684082,
        7.773205757141113,
        4.909358501434326,
        6.092342853546143,
        4.0894269943237305,
        6.681700229644775,
        6.358023643493652,
        6.056485652923584,
        5.310121059417725,
        7.0325398445129395,
        5.951508522033691,
        5.077841281890869,
        4.537738800048828,
        4.141691207885742,
        4.4254069328308105,
        4.675334930419922,
        4.941203594207764,
        4.915322780609131,
        4.502983093261719
      ],
      "V_pr": [
        1.800888180732727,
        6.028781414031982,
        4.748722553253174,
        22.68311882019043,
        14.366315841674805,
        9.656854629516602,
        19.962364196777344,
        10.852036476135254,
        23.09447479248047,
        34.611690521240234,
        35.641357421875,
        24.44257926940918,
        32.093196868896484,
        40.431602478027344,
        35.925594329833984,
        34.79417037963867,
        24.850963592529297,
        13.727362632751465,
        19.384605407714844,
        28.153972625732422,
        27.505857467651367,
        50.66080856323242,
        22.103212356567383,
        13.492006301879883,
        18.613948822021484,
        19.64978790283203,
        27.992307662963867,
        23.412914276123047,
        8.595685005187988,
        6.471007823944092
      ],
      "id": "microsoft/bitnet-b1.58-2B-4T"
    }
  },
  "comparisons": {
    "both_have_wormhole": true,
    "throat_baseline": 1.0026499032974243,
    "throat_bitnet": 1.501006841659546,
    "mouth_baseline": 44.324371337890625,
    "mouth_bitnet": 13.337867736816406
  }
}