{
  "model": "Qwen/Qwen3-0.6B",
  "L": 28,
  "n_heads": 16,
  "n_kv_heads": 8,
  "head_dim": 128,
  "n_tokens": 183,
  "per_layer_q_rank": [
    61.3125,
    55.75,
    50.625,
    53.125,
    57.75,
    57.4375,
    48.6875,
    56.3125,
    52.5,
    49.8125,
    53.625,
    41.625,
    46.875,
    43.75,
    46.25,
    42.75,
    39.4375,
    39.8125,
    36.8125,
    36.1875,
    39.9375,
    43.625,
    45.375,
    50.75,
    45.9375,
    43.625,
    48.6875,
    54.0
  ],
  "per_layer_k_rank": [
    61.875,
    57.5,
    47.375,
    55.0,
    54.75,
    53.75,
    48.0,
    54.375,
    35.375,
    52.0,
    47.375,
    40.25,
    19.5,
    23.0,
    22.0,
    45.375,
    40.75,
    40.75,
    42.125,
    42.0,
    46.375,
    47.0,
    49.0,
    50.875,
    50.625,
    50.75,
    53.25,
    53.125
  ],
  "per_layer_v_rank": [
    74.375,
    73.25,
    66.5,
    73.0,
    73.125,
    70.0,
    70.5,
    71.375,
    59.125,
    68.625,
    67.125,
    59.75,
    37.875,
    38.25,
    39.25,
    65.625,
    63.5,
    63.625,
    63.0,
    64.25,
    66.75,
    69.0,
    67.375,
    70.625,
    71.375,
    71.25,
    72.25,
    69.25
  ],
  "per_layer_q_sim": [
    -0.018095064908266068,
    0.0034558370243757963,
    0.03460917994379997,
    0.04789574071764946,
    0.045982200652360916,
    -0.00770206842571497,
    -0.012744145467877388,
    0.016962643712759018,
    0.0003251930174883455,
    0.025414442643523216,
    -0.00784495659172535,
    0.012420052662491798,
    0.01865331456065178,
    0.08101581037044525,
    0.05790539085865021,
    0.02936156652867794,
    0.031460754573345184,
    -0.020344043150544167,
    0.027499400079250336,
    0.010444017127156258,
    0.020202886313199997,
    0.008363446220755577,
    0.030117619782686234,
    0.033421628177165985,
    0.023745859041810036,
    0.039048150181770325,
    0.0057490309700369835,
    0.026278376579284668
  ],
  "per_layer_k_sim": [
    -0.061769288033246994,
    -0.007520254235714674,
    -0.0312839113175869,
    0.0016782491002231836,
    0.008009684272110462,
    -0.02983163669705391,
    -0.028010131791234016,
    -0.010754200629889965,
    0.009189552627503872,
    -0.005136983934789896,
    -0.01564810983836651,
    -0.02883198857307434,
    -0.02929295413196087,
    0.004618469160050154,
    0.0058930558152496815,
    -0.03578297048807144,
    0.0031219348311424255,
    -0.007381410337984562,
    0.03782740980386734,
    0.014603675343096256,
    0.05590393766760826,
    0.03185553103685379,
    -0.0034041989129036665,
    -0.04558565840125084,
    -0.0071159652434289455,
    -0.013320875354111195,
    0.011355391703546047,
    -0.02785278484225273
  ],
  "per_layer_v_sim": [
    0.004296564497053623,
    0.0025760543067008257,
    0.008145966567099094,
    0.0008988441550172865,
    -0.020555341616272926,
    0.04126963019371033,
    -0.0063057527877390385,
    -0.017068753018975258,
    -0.006932023447006941,
    -0.012121820822358131,
    -0.011580103076994419,
    0.018549861386418343,
    0.028714817017316818,
    0.028501493856310844,
    -0.007147699594497681,
    0.005328779108822346,
    -0.03190804645419121,
    0.03408520668745041,
    -0.028348786756396294,
    -0.004339524544775486,
    -0.007302344776690006,
    -0.016191380098462105,
    -0.0020262699108570814,
    -0.007571261841803789,
    -0.0035841327626258135,
    -0.01049770601093769,
    0.025522682815790176,
    0.019846636801958084
  ],
  "grand_means": {
    "Q_rank": 47.941964285714285,
    "K_rank": 45.861607142857146,
    "V_rank": 65.0,
    "Q_sim": 0.02012865225697169,
    "K_sim": -0.0073023725500596425,
    "V_sim": 0.0008662710668951539
  }
}