{
  "baseline_small": {
    "nll": 3.558051644301996,
    "ppl": 35.09475342759395
  },
  "baseline_large": {
    "nll": 3.119406459777336,
    "ppl": 22.632942094216844
  },
  "throat_layers": {
    "small": 14,
    "large": 14
  },
  "per_k": {
    "50": {
      "evr_small": 0.9998941421508789,
      "evr_large": 0.9997338056564331,
      "R2_train": 0.9975875020027161,
      "R2_test": 0.997718095779419,
      "alphas": {
        "0.00": {
          "nll": 3.558051644301996,
          "ppl": 35.09475342759395
        },
        "0.50": {
          "nll": 3.589896675047836,
          "ppl": 36.230332235726316
        },
        "1.00": {
          "nll": 3.714668335953379,
          "ppl": 41.044971685245784
        }
      }
    },
    "100": {
      "evr_small": 0.9999584555625916,
      "evr_large": 0.9998792409896851,
      "R2_train": 0.9988940358161926,
      "R2_test": 0.997971773147583,
      "alphas": {
        "0.00": {
          "nll": 3.558051644301996,
          "ppl": 35.09475342759395
        },
        "0.50": {
          "nll": 3.6646098470300195,
          "ppl": 39.04090126774245
        },
        "1.00": {
          "nll": 3.961355410940279,
          "ppl": 52.528475390060954
        }
      }
    },
    "200": {
      "evr_small": 1.0,
      "evr_large": 1.0,
      "R2_train": 0.9998936057090759,
      "R2_test": 0.9974920749664307,
      "alphas": {
        "0.00": {
          "nll": 3.558051644301996,
          "ppl": 35.09475342759395
        },
        "0.50": {
          "nll": 3.6860020645265656,
          "ppl": 39.88506984521627
        },
        "1.00": {
          "nll": 4.06807038842178,
          "ppl": 58.44407934432618
        }
      }
    }
  }
}