{
  "model": "Qwen/Qwen3-0.6B",
  "L": 28,
  "d_hidden": 1024,
  "d_int": 3072,
  "topk_count": 307,
  "attractor": [
    {
      "attractor_rank": 16,
      "mean_r2": 0.1778471621551684,
      "min_r2": -0.011338353157043457,
      "mean_topk": 0.37808282922289427,
      "min_topk": 0.21239909361280263,
      "per_layer_r2": [
        -0.011338353157043457,
        0.08504343032836914,
        0.9548838287591934,
        -0.00581049919128418,
        0.03314411640167236,
        0.031675875186920166,
        0.03948342800140381,
        0.010072886943817139,
        0.05939453840255737,
        0.07747578620910645,
        0.1020958423614502,
        0.09513825178146362,
        0.085582435131073,
        0.08608490228652954,
        0.09245496988296509,
        0.130598783493042,
        0.12231028079986572,
        0.20434480905532837,
        0.1603603959083557,
        0.168590247631073,
        0.15587753057479858,
        0.2232338786125183,
        0.18837839365005493,
        0.1340651512145996,
        0.12105923891067505,
        0.18594640493392944,
        0.5495566725730896,
        0.9000173136591911
      ],
      "per_layer_topk": [
        0.21239909361280263,
        0.33745220223764333,
        0.2816173346551479,
        0.3035688995892933,
        0.27301373743095864,
        0.28016569890950277,
        0.2595595524713213,
        0.28660954539017125,
        0.3035334938393996,
        0.3270429117688713,
        0.3661662654015012,
        0.37140631638578114,
        0.39806684605579923,
        0.3733182268800451,
        0.40536043053391885,
        0.4262144172213566,
        0.453547656139357,
        0.4611952981164144,
        0.4632842373601472,
        0.47397677382806974,
        0.4627885568616343,
        0.4531581928905256,
        0.41474295425577107,
        0.3891091913326726,
        0.40528961903413124,
        0.4048647500354057,
        0.4707548505877354,
        0.5281121654156637
      ]
    },
    {
      "attractor_rank": 32,
      "mean_r2": 0.179679809404271,
      "min_r2": -0.06784975528717041,
      "mean_topk": 0.38569759443219287,
      "min_topk": 0.22826086956521738,
      "per_layer_r2": [
        -0.06784975528717041,
        0.02899158000946045,
        0.9706514365971088,
        -0.03473973274230957,
        0.015545248985290527,
        -0.04421532154083252,
        -0.02009868621826172,
        -0.012493729591369629,
        0.029862701892852783,
        0.04158753156661987,
        0.11404800415039062,
        0.14659810066223145,
        0.09641647338867188,
        0.0889928936958313,
        0.09925580024719238,
        0.149732768535614,
        0.12900662422180176,
        0.1589508056640625,
        0.13552039861679077,
        0.16083794832229614,
        0.17439818382263184,
        0.26709169149398804,
        0.2207198143005371,
        0.10085684061050415,
        0.1708727478981018,
        0.21976494789123535,
        0.745136559009552,
        0.945592787116766
      ],
      "per_layer_topk": [
        0.22826086956521738,
        0.3118892508143322,
        0.28862767313411697,
        0.29397394136807814,
        0.2708185809375443,
        0.27715621016853126,
        0.26419770570740686,
        0.28420195439739415,
        0.30841948732474156,
        0.3406387197280839,
        0.3931100410706697,
        0.3806118113581645,
        0.3853561818439314,
        0.3973587310579239,
        0.4204078742387764,
        0.44327998867015994,
        0.4676745503469763,
        0.47950007081149976,
        0.473304064580088,
        0.4976632205070103,
        0.47896898456309306,
        0.4670018410989945,
        0.43800453193598643,
        0.38680781758957644,
        0.40606854553179433,
        0.42008922248973235,
        0.5036821979889534,
        0.4924585752726242
      ]
    },
    {
      "attractor_rank": 64,
      "mean_r2": 0.05758489282535655,
      "min_r2": -0.3186049461364746,
      "mean_topk": 0.3774000040463714,
      "min_topk": 0.23066846055799453,
      "per_layer_r2": [
        -0.20431280136108398,
        -0.15188634395599365,
        0.9673500172793865,
        -0.3186049461364746,
        -0.1453179121017456,
        -0.1871340274810791,
        -0.07990813255310059,
        -0.24224567413330078,
        -0.09543347358703613,
        -0.06153607368469238,
        -0.013240456581115723,
        -0.010267257690429688,
        -0.010893821716308594,
        -0.029780983924865723,
        0.0386275053024292,
        0.09571981430053711,
        0.047815024852752686,
        0.1309850811958313,
        0.023533105850219727,
        0.14993256330490112,
        0.06709611415863037,
        0.1537245512008667,
        0.09508258104324341,
        -0.04336857795715332,
        0.09565937519073486,
        -0.04293417930603027,
        0.44062578678131104,
        0.9430901408195496
      ],
      "per_layer_topk": [
        0.23066846055799453,
        0.3088089505735731,
        0.29847047160458845,
        0.2760940376717178,
        0.25764764197705714,
        0.2654369069536892,
        0.25492139923523566,
        0.27609403767171775,
        0.2775102676674691,
        0.3287069820138788,
        0.37455742812632764,
        0.3644667894065997,
        0.3885426993343718,
        0.37324741538025774,
        0.41038804701883574,
        0.42709956096870133,
        0.4620450361138651,
        0.46555020535334934,
        0.47295000708115,
        0.48962611528112177,
        0.4677807675966576,
        0.4703653873389039,
        0.4189916442430251,
        0.3884010763347967,
        0.39201246282396257,
        0.4168318934995042,
        0.5176320634471039,
        0.49235235802294286
      ]
    },
    {
      "attractor_rank": 128,
      "mean_r2": -0.6268491977825761,
      "min_r2": -1.2641777992248535,
      "mean_topk": 0.343607744754891,
      "min_topk": 0.21809941934570176,
      "per_layer_r2": [
        -1.2641777992248535,
        -1.1444082260131836,
        0.8910265415906906,
        -1.1503798961639404,
        -1.2076501846313477,
        -0.9978806972503662,
        -0.9632519483566284,
        -0.5794010162353516,
        -0.8504277467727661,
        -0.8045947551727295,
        -0.42478132247924805,
        -0.6063247919082642,
        -0.7384506464004517,
        -0.6562738418579102,
        -0.6962583065032959,
        -0.5658557415008545,
        -0.5128117799758911,
        -0.5723814964294434,
        -0.5087863206863403,
        -0.5461570024490356,
        -0.6318802833557129,
        -0.5898048877716064,
        -0.4089280366897583,
        -1.0632002353668213,
        -0.8441288471221924,
        -0.9367733001708984,
        -0.12038218975067139,
        0.942547220736742
      ],
      "per_layer_topk": [
        0.22758816031723547,
        0.26947316244158054,
        0.2569395269791812,
        0.25318651749044024,
        0.2340674125477977,
        0.22383515082849434,
        0.21809941934570176,
        0.23867016003398947,
        0.23449228154652305,
        0.28476844639569454,
        0.3418779209743661,
        0.3180144455459566,
        0.35352641268942053,
        0.3493839399518482,
        0.37572581787282266,
        0.3981022518056933,
        0.4352074776943776,
        0.42936552896190355,
        0.4387834584336494,
        0.45846905537459287,
        0.43067554170797334,
        0.4166548647500353,
        0.3773898881178304,
        0.35533210593400355,
        0.3421965727234102,
        0.39530519756408433,
        0.490050984279847,
        0.4738351508284945
      ]
    }
  ]
}