{
  "model": "Qwen/Qwen3-0.6B",
  "device": "mps",
  "rank": 32,
  "n_layers": 28,
  "hidden_size": 1024,
  "calibration_tokens": 265,
  "per_layer_r2": [
    0.4707380652059776,
    0.9732219092415436,
    0.978726956687513,
    0.9999993761725005,
    0.9999990597742302,
    0.999998726420445,
    0.9999987816720399,
    0.9999971541295372,
    0.9999980868547806,
    0.9999976352141878,
    0.9999958435837755,
    0.9999950540490834,
    0.9999982645109611,
    0.9999981518322679,
    0.9999975391129801,
    0.9999973855313479,
    0.9999910746284897,
    0.9999910744497091,
    0.9999897615524433,
    0.9999787808875352,
    0.9999593451700262,
    0.999948861732367,
    0.9999240880930119,
    0.9999212237205486,
    0.9999094767238678,
    0.9998470688835498,
    0.9997757663374993,
    0.9794937120377886
  ],
  "r2_summary": {
    "min": 0.4707380652059776,
    "median": 0.9999910746284897,
    "mean": 0.9786210080075002,
    "max": 0.9999993761725005
  },
  "teacher_sample": " a significant finding in the field of cognitive psychology. This is because the context provides a rich and complex environment that allows for the development of more sophisticated and nuanced cognitive processes. The context is not just a backdrop; it is a dynamic and interactive element that",
  "geometric_sample": "-like\ufffd\ufffd\ufffd\ufffd\ufffd\ufffd\ufffd\ufffd\ufffd\ufffd\ufffd\ufffd\ufffd\ufffd\ufffd\ufffd\ufffd\ufffd\ufffd\ufffd\ufffd\ufffd\ufffd\ufffd\ufffd\ufffd\ufffd\ufffd\ufffd\ufffd\ufffd\ufffd\ufffd\ufffd\ufffd\ufffd\ufffd\ufffd\ufffd\ufffd\ufffd\ufffd\ufffd\ufffd\ufffd\ufffd\ufffd\ufffd\ufffd",
  "match": 0,
  "total": 50,
  "match_ratio": 0.0,
  "first_divergence": 0,
  "geometric_ms_per_tok": 4.736608300000143
}