{
  "models": [
    {
      "model_id": "Qwen/Qwen3-0.6B",
      "n_layers": 28,
      "hidden_size": 1024,
      "rank": 32,
      "tokens_sampled": 293,
      "adjacent_overlap": [
        0.1881056628092439,
        0.8032427311155325,
        0.7575380142407429,
        0.8674638229466132,
        0.829061384751124,
        0.8428090966794985,
        0.868809234644778,
        0.8716647679250881,
        0.8779575452888556,
        0.8692204192988503,
        0.8910829168521183,
        0.8764091543682624,
        0.945821642117824,
        0.9517749687636848,
        0.924791207647858,
        0.9250098654979326,
        0.8731835717580266,
        0.9011775928326595,
        0.9051117482600604,
        0.8841454612935281,
        0.877316576016702,
        0.8699824343199273,
        0.8816654564334501,
        0.8954891169828412,
        0.9211697818364081,
        0.9135433938920587,
        0.8978533023032113
      ],
      "mean_adjacent_overlap": 0.8559778100324771,
      "min_adjacent_overlap": 0.1881056628092439,
      "min_adjacent_pair": [
        0,
        1
      ],
      "min_adjacent_fraction_of_depth": 0.0,
      "max_adjacent_overlap": 0.9517749687636848,
      "first_last_overlap": 0.2873854936826263
    },
    {
      "model_id": "Qwen/Qwen3-1.7B",
      "n_layers": 28,
      "hidden_size": 2048,
      "rank": 32,
      "tokens_sampled": 293,
      "adjacent_overlap": [
        0.14427356202392966,
        0.5908778269921758,
        0.8722587856080006,
        0.9002382238730486,
        0.8814417409615543,
        0.8934018364571876,
        0.8671702279998863,
        0.8756623122126493,
        0.8744688820502149,
        0.840458566938046,
        0.864773842487254,
        0.868518758564841,
        0.9359746210191328,
        0.9338261432694415,
        0.9095718963568772,
        0.9070054904573519,
        0.8409161974191772,
        0.8758824030555733,
        0.89491600413679,
        0.8788997802341652,
        0.8547467700517242,
        0.8678065611187038,
        0.8661107405220195,
        0.9030470584452087,
        0.9201880974408922,
        0.9098395288449214,
        0.8983336920825384
      ],
      "mean_adjacent_overlap": 0.8470596129860484,
      "min_adjacent_overlap": 0.14427356202392966,
      "min_adjacent_pair": [
        0,
        1
      ],
      "min_adjacent_fraction_of_depth": 0.0,
      "max_adjacent_overlap": 0.9359746210191328,
      "first_last_overlap": 0.2381286404153385
    },
    {
      "model_id": "microsoft/phi-2",
      "n_layers": 32,
      "hidden_size": 2560,
      "rank": 32,
      "tokens_sampled": 304,
      "adjacent_overlap": [
        0.2260005265081164,
        0.8499631027457377,
        0.9028284005951341,
        0.9245212992299944,
        0.9250125628962373,
        0.9438377056647191,
        0.9418487958834901,
        0.953044769015621,
        0.9546246014852033,
        0.9569789244430219,
        0.964867634372503,
        0.9704949129982835,
        0.9732055454134131,
        0.975785606891856,
        0.9782713437233316,
        0.9781318376547604,
        0.9787990222666879,
        0.9791073686103936,
        0.9814337060608009,
        0.9659258574449144,
        0.9772862032862378,
        0.9772459108990614,
        0.9782354346084002,
        0.9763405965930475,
        0.9782357717831883,
        0.9696969045685783,
        0.965966487006879,
        0.965699444574714,
        0.9518827804021757,
        0.9545752053787486,
        0.9546148234163488
      ],
      "mean_adjacent_overlap": 0.9346600995619873,
      "min_adjacent_overlap": 0.2260005265081164,
      "min_adjacent_pair": [
        0,
        1
      ],
      "min_adjacent_fraction_of_depth": 0.0,
      "max_adjacent_overlap": 0.9814337060608009,
      "first_last_overlap": 0.12047223568217566
    }
  ],
  "corpus_size": 20
}