{
  "model": "Qwen/Qwen3-0.6B",
  "device": "mps",
  "rank": 32,
  "steps": 2000,
  "calibration_chunks": 98,
  "calibration_tokens": 20185,
  "weight_size_ratio": 0.04583333333333333,
  "trainable_params_M": 20.185088,
  "teacher_twonn": [
    19.320569491028746,
    3.15253992614345,
    3.493111489511347,
    3.4698148272343294,
    3.51187923070394,
    3.635078828327127,
    3.6581043212187825,
    3.7439922420188347,
    3.8300958437301524,
    3.984140435957766,
    4.243926622106737,
    4.290683171976131,
    4.418432737481736,
    4.485928638200462,
    4.928268533853636,
    5.0097722698247305,
    5.089675419389507,
    4.860509544097705,
    4.8160810637984754,
    4.862602524974426,
    4.738400377590389,
    4.766891636842016,
    4.58395125676819,
    4.169127832497084,
    4.4814641069523455,
    4.4225797839426315,
    4.45836646457842,
    4.519728817379278,
    4.475990012129535
  ],
  "student_twonn": [
    16.93396772186885,
    3.010969179282568,
    3.2930668631684394,
    3.4638796924224566,
    3.917324719360942,
    3.905316341643387,
    3.815889654853803,
    3.8445260085014903,
    4.045827739477286,
    4.096763531689281,
    4.146300430121115,
    4.485540802754866,
    4.4504470150916005,
    4.3640070124333725,
    3.8368472983114104,
    4.098184101090425,
    3.8939432319053147,
    4.0402312545225225,
    3.777090289465343,
    3.797096892484941,
    3.787730689323951,
    3.928184525968659,
    4.02249433052357,
    4.083748663071358,
    4.171898156187249,
    4.304790444372822,
    4.1417580266604075,
    4.287362309913043,
    4.760087550040565
  ],
  "mean_twonn_abs_diff": 0.49183055356845884,
  "distribution_eval_pre": {
    "teacher_ppl": 49.8440997004509,
    "student_ppl": 102191566.6640625,
    "position_kl": 13.955230236053467,
    "top1_agree": 0.0,
    "top5_agree": 0.03943053330294788,
    "ppl_ratio": 2050223.9438209385
  },
  "distribution_eval_post": {
    "teacher_ppl": 49.8440997004509,
    "student_ppl": 7077.201721191406,
    "position_kl": 5.534900188446045,
    "top1_agree": 0.1916083819232881,
    "top5_agree": 0.40290210396051407,
    "ppl_ratio": 141.9867499608461
  },
  "loss_history": [
    {
      "step": 0,
      "loss": 2890.61767578125,
      "kl": 2889.74658203125,
      "h_loss": 0.8710767030715942,
      "elapsed_sec": 2.4460059999998975
    },
    {
      "step": 100,
      "loss": 1043.37060546875,
      "kl": 1042.7706298828125,
      "h_loss": 0.5999923348426819,
      "elapsed_sec": 95.82190941599993
    },
    {
      "step": 200,
      "loss": 827.32958984375,
      "kl": 826.3259887695312,
      "h_loss": 1.0036247968673706,
      "elapsed_sec": 187.91968658299993
    },
    {
      "step": 300,
      "loss": 949.0585327148438,
      "kl": 947.9178466796875,
      "h_loss": 1.1407115459442139,
      "elapsed_sec": 280.16311758300003
    },
    {
      "step": 400,
      "loss": 992.1591186523438,
      "kl": 991.0062255859375,
      "h_loss": 1.1528689861297607,
      "elapsed_sec": 372.507703041
    },
    {
      "step": 500,
      "loss": 830.4782104492188,
      "kl": 829.2066650390625,
      "h_loss": 1.2715235948562622,
      "elapsed_sec": 465.619510666
    },
    {
      "step": 600,
      "loss": 445.7842712402344,
      "kl": 445.27880859375,
      "h_loss": 0.5054764747619629,
      "elapsed_sec": 559.5042403749999
    },
    {
      "step": 700,
      "loss": 429.3900451660156,
      "kl": 428.1153564453125,
      "h_loss": 1.2746824026107788,
      "elapsed_sec": 651.670955666
    },
    {
      "step": 800,
      "loss": 527.5692749023438,
      "kl": 526.0479125976562,
      "h_loss": 1.521368384361267,
      "elapsed_sec": 743.8087451249999
    },
    {
      "step": 900,
      "loss": 265.4605407714844,
      "kl": 264.2395935058594,
      "h_loss": 1.2209519147872925,
      "elapsed_sec": 835.9217384580002
    },
    {
      "step": 1000,
      "loss": 286.1302490234375,
      "kl": 284.66900634765625,
      "h_loss": 1.461257815361023,
      "elapsed_sec": 928.3608730410001
    },
    {
      "step": 1100,
      "loss": 666.4930419921875,
      "kl": 665.188232421875,
      "h_loss": 1.3048362731933594,
      "elapsed_sec": 1020.843879041
    },
    {
      "step": 1200,
      "loss": 122.3721923828125,
      "kl": 121.14464569091797,
      "h_loss": 1.2275441884994507,
      "elapsed_sec": 1113.2268049579998
    },
    {
      "step": 1300,
      "loss": 166.19786071777344,
      "kl": 164.90753173828125,
      "h_loss": 1.2903329133987427,
      "elapsed_sec": 1205.6126104999998
    },
    {
      "step": 1400,
      "loss": 206.0630645751953,
      "kl": 204.43031311035156,
      "h_loss": 1.6327539682388306,
      "elapsed_sec": 1298.636918541
    },
    {
      "step": 1500,
      "loss": 93.43932342529297,
      "kl": 92.05828857421875,
      "h_loss": 1.3810381889343262,
      "elapsed_sec": 1390.8853798750001
    },
    {
      "step": 1600,
      "loss": 293.2275390625,
      "kl": 292.07659912109375,
      "h_loss": 1.1509501934051514,
      "elapsed_sec": 1483.265808916
    },
    {
      "step": 1700,
      "loss": 38.9565544128418,
      "kl": 38.17328643798828,
      "h_loss": 0.7832677364349365,
      "elapsed_sec": 1575.7598945
    },
    {
      "step": 1800,
      "loss": 40.094398498535156,
      "kl": 38.82460403442383,
      "h_loss": 1.2697951793670654,
      "elapsed_sec": 1673.8841040409998
    },
    {
      "step": 1900,
      "loss": 25.43071746826172,
      "kl": 24.19169807434082,
      "h_loss": 1.2390191555023193,
      "elapsed_sec": 1766.3494795410002
    },
    {
      "step": 1999,
      "loss": 292.13970947265625,
      "kl": 290.65911865234375,
      "h_loss": 1.480591893196106,
      "elapsed_sec": 1858.091219
    }
  ]
}