{
  "model": "Qwen/Qwen3-0.6B",
  "threshold": 0.3,
  "min_heads": 4,
  "n_layers": 28,
  "n_heads": 16,
  "baseline_avg_ms": 104.27924628103418,
  "pruned_avg_ms": 109.05690203724923,
  "speedup": 0.9561911656487069,
  "token_match": "11/50",
  "heads_kept_ratio": 0.8786607142857142,
  "base_text": " a significant finding in the field of cognitive psychology. This is because the context provides a rich and complex environment that allows for the development of a more sophisticated and nuanced understanding of the world. This study aims to explore the relationship between the context and the performance",
  "prune_text": " a significant finding in the field of cognitive science. The discovery that inference accelerates the learning process is a significant finding in the field of cognitive science. The discovery that inference accelerates the learning process is a significant finding in the field of cognitive science.",
  "per_step_kept_ratio": [
    0.8616071428571429,
    0.875,
    0.8727678571428571,
    0.8482142857142857,
    0.8727678571428571,
    0.8772321428571429,
    0.875,
    0.8928571428571429,
    0.8549107142857143,
    0.8504464285714286,
    0.8883928571428571,
    0.875,
    0.8549107142857143,
    0.9017857142857143,
    0.9107142857142857,
    0.9107142857142857,
    0.8950892857142857,
    0.8772321428571429,
    0.90625,
    0.8705357142857143,
    0.8772321428571429,
    0.8794642857142857,
    0.8549107142857143,
    0.8638392857142857,
    0.8839285714285714,
    0.8928571428571429,
    0.8883928571428571,
    0.9017857142857143,
    0.8883928571428571,
    0.8660714285714286,
    0.8660714285714286,
    0.8638392857142857,
    0.8683035714285714,
    0.8794642857142857,
    0.9084821428571429,
    0.8861607142857143,
    0.890625,
    0.8861607142857143,
    0.8571428571428571,
    0.859375,
    0.8973214285714286,
    0.8995535714285714,
    0.8772321428571429,
    0.8794642857142857,
    0.859375,
    0.90625,
    0.90625,
    0.875,
    0.8794642857142857
  ],
  "base_times_ms": [
    61.519416980445385,
    106.21611191891134,
    79.54218599479645,
    108.82471897639334,
    69.05366806313396,
    90.91229201294482,
    109.41258596722037,
    141.28154097124934,
    98.81749097257853,
    79.91011801641434,
    103.66925597190857,
    101.71676601748914,
    119.2973799770698,
    114.35308598447591,
    117.95893893577158,
    149.06692400109023,
    114.3506329972297,
    131.92578498274088,
    64.83333301730454,
    141.05292805470526,
    90.98607301712036,
    89.81590601615608,
    107.55441198125482,
    117.9483860032633,
    132.5063769472763,
    109.72633899655193,
    72.61992699932307,
    90.44125804211944,
    99.25793390721083,
    72.41177302785218,
    106.55722802039236,
    110.55879504419863,
    73.33287794608623,
    92.70948299672455,
    111.81141599081457,
    101.89223103225231,
    127.35447206068784,
    96.74157504923642,
    114.23757602460682,
    125.68643304985017,
    90.77255497686565,
    98.2533108908683,
    127.73375597316772,
    103.52309804875404,
    106.56506090890616,
    121.98867800179869,
    120.881911017932,
    116.04740004986525,
    76.05166593566537
  ],
  "prune_times_ms": [
    105.60078197158873,
    257.206627051346,
    115.04477600101382,
    72.29459600057453,
    101.32561903446913,
    110.85944599471986,
    118.57708403840661,
    133.11750395223498,
    84.60896194446832,
    104.57469790708274,
    116.69498099945486,
    82.67957402858883,
    99.27146905101836,
    122.4262360483408,
    110.43687502387911,
    71.17061701137573,
    115.9344349289313,
    93.91835192218423,
    150.46573290601373,
    137.77246105019003,
    99.57797301467508,
    89.0580479754135,
    126.41614302992821,
    83.5249429801479,
    120.88019994553179,
    161.6033969912678,
    73.12922098208219,
    233.71326795313507,
    112.2186160646379,
    120.81849796231836,
    79.99088405631483,
    98.63806597422808,
    101.85350000392646,
    86.47896605543792,
    79.14216502103955,
    109.02972298208624,
    101.13695298787206,
    110.95299606677145,
    84.67749797273427,
    104.09224103204906,
    109.23452803399414,
    89.15326499845833,
    95.10963596403599,
    78.33860698156059,
    79.34223499614745,
    80.13381296768785,
    70.84770395886153,
    145.818363991566,
    114.89592201542109
  ]
}