{
  "model": "Qwen/Qwen3-0.6B",
  "L": 28,
  "d_intermediate": 3072,
  "d_hidden": 1024,
  "top_k_count": 307,
  "twonn_dims": [
    5.059623483359886,
    7.26855338633241,
    7.7374674557895275,
    8.632285347482249,
    8.064589100933897,
    7.929768169198213,
    8.067160522289631,
    8.652778544401027,
    8.700050004079134,
    8.934297437197454,
    9.606659416216393,
    10.34082111451652,
    10.555069741905896,
    11.35204478884728,
    13.08802320078841,
    13.797123062237072,
    13.154825748739164,
    12.351382160608667,
    12.50834120214104,
    13.145188054743821,
    12.40468611645023,
    11.26636133772655,
    10.38409519323424,
    9.817732580241472,
    9.696254627786917,
    9.5229947823488,
    8.918570835915299,
    8.248385233255508
  ],
  "mean_twonn_dim": 9.971611880313095,
  "ceiling_full_hidden_r2_mean": -295.3756008971749,
  "ceiling_full_hidden_topk_mean": 0.373530661379408,
  "factor_results": [
    {
      "factor": 1.0,
      "mean_manifold_rank": 10.5,
      "mean_r2": 0.21316887438297272,
      "mean_topk_overlap": 0.38669021992028646,
      "per_layer_r2": [
        0.01974707841873169,
        0.07771486043930054,
        0.9604479670524597,
        0.051095008850097656,
        0.07675427198410034,
        0.06546545028686523,
        0.09443610906600952,
        0.06805211305618286,
        0.0828937292098999,
        0.08873933553695679,
        0.22304385900497437,
        0.16108065843582153,
        0.11378604173660278,
        0.13385647535324097,
        0.156019389629364,
        0.18103575706481934,
        0.14693939685821533,
        0.2430552840232849,
        0.15056508779525757,
        0.18008309602737427,
        0.16259819269180298,
        0.21183735132217407,
        0.1789371371269226,
        0.1189618706703186,
        0.1573009490966797,
        0.16526919603347778,
        0.7346859574317932,
        0.9643268585205078
      ],
      "per_layer_topk": [
        0.24525562951423296,
        0.35221639994335063,
        0.3094108483217673,
        0.31312845206061457,
        0.2925577113723267,
        0.28689279138932167,
        0.26759665769720997,
        0.296416938110749,
        0.3074281263277155,
        0.33993060473020814,
        0.37777935136666196,
        0.3779917858660245,
        0.39151678232544973,
        0.4048293442855119,
        0.43304772695085664,
        0.4443421611669737,
        0.4528041353915874,
        0.4627885568616343,
        0.46742671009771997,
        0.46487749610536755,
        0.4667185950998444,
        0.4623636878629092,
        0.4354199121937403,
        0.39073785582778653,
        0.40104092904687727,
        0.4167610819997167,
        0.45730066562809807,
        0.5087452202237643
      ],
      "per_layer_rank": [
        6,
        8,
        8,
        9,
        9,
        8,
        9,
        9,
        9,
        9,
        10,
        11,
        11,
        12,
        14,
        14,
        14,
        13,
        13,
        14,
        13,
        12,
        11,
        10,
        10,
        10,
        9,
        9
      ]
    },
    {
      "factor": 2.0,
      "mean_manifold_rank": 20.5,
      "mean_r2": 0.24481455110279576,
      "mean_topk_overlap": 0.4043880369029073,
      "per_layer_r2": [
        0.08969384431838989,
        0.1274319887161255,
        0.9819715190678835,
        0.04783755540847778,
        0.10342711210250854,
        0.06676465272903442,
        0.09950447082519531,
        0.1365184783935547,
        0.12297862768173218,
        0.13820016384124756,
        0.3225645422935486,
        0.1271129846572876,
        0.2032848596572876,
        0.16215115785598755,
        0.16822761297225952,
        0.18543720245361328,
        0.15711206197738647,
        0.24301493167877197,
        0.15000128746032715,
        0.23435962200164795,
        0.15617376565933228,
        0.2581247091293335,
        0.20033907890319824,
        0.2163960337638855,
        0.2658205032348633,
        0.14442485570907593,
        0.7980038672685623,
        0.9479299411177635
      ],
      "per_layer_topk": [
        0.25031865174904394,
        0.34980880895057354,
        0.31585469480243594,
        0.32697210026908363,
        0.3015861775952412,
        0.2914955388755133,
        0.2919558136241327,
        0.3116768163149696,
        0.32049284803852124,
        0.3569607704291176,
        0.4037671717886983,
        0.38790539583628375,
        0.42458575272624266,
        0.4335788131992636,
        0.4450856819147429,
        0.47510975782467096,
        0.49844214700467365,
        0.48389038379832916,
        0.491538025775386,
        0.48714771278855706,
        0.48502336779493005,
        0.487253930038238,
        0.44172213567483387,
        0.41424727375725817,
        0.4030236510409291,
        0.43322475570032576,
        0.48183685030448925,
        0.5283600056649198
      ],
      "per_layer_rank": [
        11,
        15,
        16,
        18,
        17,
        16,
        17,
        18,
        18,
        18,
        20,
        21,
        22,
        23,
        27,
        28,
        27,
        25,
        26,
        27,
        25,
        23,
        21,
        20,
        20,
        20,
        18,
        17
      ]
    },
    {
      "factor": 4.0,
      "mean_manifold_rank": 40.42857142857143,
      "mean_r2": 0.23588847794703074,
      "mean_topk_overlap": 0.42125255427195657,
      "per_layer_r2": [
        0.058599770069122314,
        0.1647568941116333,
        0.9646460451185703,
        0.0006158351898193359,
        -0.003047943115234375,
        0.04862320423126221,
        0.06449168920516968,
        0.13669353723526,
        0.1303703784942627,
        0.13576573133468628,
        0.3071836233139038,
        0.18740493059158325,
        0.17980104684829712,
        0.17519670724868774,
        0.1690962314605713,
        0.19862645864486694,
        0.17211121320724487,
        0.25712621212005615,
        0.1892433762550354,
        0.21029067039489746,
        0.1852262020111084,
        0.28422313928604126,
        0.1841639280319214,
        0.21083980798721313,
        0.0889555811882019,
        0.20389169454574585,
        0.7498161792755127,
        0.9501652382314205
      ],
      "per_layer_topk": [
        0.2647287919558136,
        0.35444696218665894,
        0.3437898314686304,
        0.33497379974507857,
        0.3143676533068969,
        0.326724260019827,
        0.3085257045744228,
        0.3368148987395554,
        0.3464452627106641,
        0.38408157484775524,
        0.4410494264268517,
        0.42961336921115995,
        0.4446608129160175,
        0.43485342019543954,
        0.46466506160600474,
        0.503894632488316,
        0.5057003257328988,
        0.49376858801869433,
        0.5150828494547514,
        0.5278997309163007,
        0.5004248689987254,
        0.4840320067979039,
        0.43106500495680494,
        0.41913326724260025,
        0.427949298966152,
        0.4347826086956521,
        0.5209247981872257,
        0.5006727092479819
      ],
      "per_layer_rank": [
        21,
        30,
        31,
        35,
        33,
        32,
        33,
        35,
        35,
        36,
        39,
        42,
        43,
        46,
        53,
        56,
        53,
        50,
        51,
        53,
        50,
        46,
        42,
        40,
        39,
        39,
        36,
        33
      ]
    },
    {
      "factor": 8.0,
      "mean_manifold_rank": 80.32142857142857,
      "mean_r2": 0.06101816287264228,
      "mean_topk_overlap": 0.41966056001780394,