{
  "checkpoint": "Qwen/Qwen3-0.6B",
  "train_steps": 500,
  "alpha_init_stats": {
    "mean": 0.9692690036657344,
    "std": 0.3128775624219786,
    "min": 0.050629980862140656,
    "max": 8.3766450881958
  },
  "alpha_trained_stats": {
    "mean": 0.9691870954154747,
    "std": 0.31286142736084416,
    "min": 0.050084613263607025,
    "max": 8.383681297302246
  },
  "drift_ratio_stats": {
    "mean": 0.9999240306138485,
    "std": 0.0019765915883932284,
    "p1": 0.994180337190628,
    "p99": 1.0060829889774323,
    "fraction_within_5pct": 0.9999941871279762
  },
  "by_type": {
    "q_proj": {
      "mean_ratio": 0.9998708957084871,
      "std_ratio": 0.00269108454679576,
      "n": 57344
    },
    "k_proj": {
      "mean_ratio": 1.0000526347305692,
      "std_ratio": 0.002845216943843982,
      "n": 28672
    },
    "v_proj": {
      "mean_ratio": 0.9997999030082221,
      "std_ratio": 0.001919076564880581,
      "n": 28672
    },
    "o_proj": {
      "mean_ratio": 0.9998421673974788,
      "std_ratio": 0.0017332000557500201,
      "n": 28672
    },
    "gate_proj": {
      "mean_ratio": 0.9999637743402716,
      "std_ratio": 0.0015430166931892971,
      "n": 86016
    },
    "up_proj": {
      "mean_ratio": 0.9999347359470059,
      "std_ratio": 0.0017247669442566845,
      "n": 86016
    },
    "down_proj": {
      "mean_ratio": 0.9999563399511057,
      "std_ratio": 0.0012245068295708768,
      "n": 28672
    }
  }
}