{
  "n_rows": 147456,
  "n_groups": 32,
  "qwen3_8b_n_heads": 32,
  "groups_match_heads": true,
  "per_group_mean": [
    0.06996011734008789,
    0.06893719732761383,
    0.06933191418647766,
    0.06904485821723938,
    0.07079876214265823,
    0.06953345984220505,
    0.06958268582820892,
    0.06946432590484619,
    0.07131174951791763,
    0.07102373242378235,
    0.06903264671564102,
    0.06761901825666428,
    0.06914835423231125,
    0.06966742873191833,
    0.0698525607585907,
    0.06898076832294464,
    0.07083234190940857,
    0.07165634632110596,
    0.06926757842302322,
    0.07011345773935318,
    0.06681812554597855,
    0.06691049039363861,
    0.06808160990476608,
    0.06762994825839996,
    0.0682646781206131,
    0.07003100961446762,
    0.06881841272115707,
    0.07031871378421783,
    0.06867863982915878,
    0.06806056201457977,
    0.06851691752672195,
    0.0685005784034729
  ],
  "per_group_std": [
    0.019853616133332253,
    0.01503151748329401,
    0.013740845024585724,
    0.01618429273366928,
    0.017507554963231087,
    0.015412979759275913,
    0.0196765698492527,
    0.018908824771642685,
    0.016878005117177963,
    0.01847713813185692,
    0.01936192251741886,
    0.01700686290860176,
    0.019124312326312065,
    0.015485509298741817,
    0.016769899055361748,
    0.020950954407453537,
    0.017055140808224678,
    0.016258353367447853,
    0.016878850758075714,
    0.015374918468296528,
    0.01416709739714861,
    0.015038610436022282,
    0.01465483009815216,
    0.013661679811775684,
    0.015358963049948215,
    0.016057530418038368,
    0.013969703577458858,
    0.014912616461515427,
    0.015728143975138664,
    0.015929359942674637,
    0.017780132591724396,
    0.015125320293009281
  ],
  "cv_of_per_group_means": 0.017239922653989395,
  "pc1_loadings": [
    0.15575779974460602,
    0.12514010071754456,
    0.11193575710058212,
    0.16861939430236816,
    0.20493702590465546,
    0.1582152396440506,
    0.2246091216802597,
    0.1811809092760086,
    0.18537865579128265,
    0.22789877653121948,
    0.24329985678195953,
    0.2326042652130127,
    0.18923428654670715,
    0.156843364238739,
    0.21997274458408356,
    0.2007470428943634,
    0.2056082785129547,
    0.18960680067539215,
    0.19373556971549988,
    0.1838117241859436,
    0.127557635307312,
    0.11042341589927673,
    0.1507279872894287,
    0.12818986177444458,
    0.14094066619873047,
    0.14665234088897705,
    0.11966805160045624,
    0.15725120902061462,
    0.16101478040218353,
    0.16714629530906677,
    0.1979873776435852,
    0.17165961861610413
  ],
  "explained_variance_top5": [
    0.3532380759716034,
    0.07898436486721039,
    0.07063429802656174,
    0.06429921835660934,
    0.060714978724718094
  ],
  "inter_layer_correlation_mean": -0.005391019353640854,
  "inter_layer_correlation_min": -0.7114437673904505
}