{
  "model": "Qwen/Qwen3-0.6B",
  "throat_layer": 14,
  "d": 1024,
  "vocab": 151936,
  "max_tokens": 20000,
  "random_baseline": {
    "top1": 6.581718618365627e-06,
    "top5": 3.2908593091828136e-05
  },
  "per_k": {
    "1": {
      "top1": 0.30015082956259426,
      "top5": 0.49547511312217196,
      "val_loss": 5.508787190632463,
      "n_train": 15912,
      "n_val": 3978,
      "lift_over_random_top1": 45603.71644042232,
      "lift_over_random_top5": 15056.101357466065
    },
    "2": {
      "top1": 0.15901060070671377,
      "top5": 0.3160020191822312,
      "val_loss": 7.434358430233704,
      "n_train": 15850,
      "n_val": 3962,
      "lift_over_random_top1": 24159.434628975265,
      "lift_over_random_top5": 9602.416557294297
    },
    "3": {
      "top1": 0.0957932083122149,
      "top5": 0.22655854029396857,
      "val_loss": 8.154894481258712,
      "n_train": 15788,
      "n_val": 3946,
      "lift_over_random_top1": 14554.436898124683,
      "lift_over_random_top5": 6884.4796756208825
    },
    "5": {
      "top1": 0.05568326947637293,
      "top5": 0.1644955300127714,
      "val_loss": 8.768143982479247,
      "n_train": 15663,
      "n_val": 3915,
      "lift_over_random_top1": 8460.293231162197,
      "lift_over_random_top5": 4998.558569604087
    },
    "7": {
      "top1": 0.04582904222451081,
      "top5": 0.1547373841400618,
      "val_loss": 8.996616508884607,
      "n_train": 15538,
      "n_val": 3884,
      "lift_over_random_top1": 6963.081359423275,
      "lift_over_random_top5": 4702.035839340886
    },
    "10": {
      "top1": 0.03726869950482147,
      "top5": 0.12405525149856658,
      "val_loss": 9.166683337201915,
      "n_train": 15351,
      "n_val": 3837,
      "lift_over_random_top1": 5662.457127964555,
      "lift_over_random_top5": 3769.691738337243
    },
    "15": {
      "top1": 0.03218941207768023,
      "top5": 0.11572226656025539,
      "val_loss": 9.32950830117094,
      "n_train": 15039,
      "n_val": 3759,
      "lift_over_random_top1": 4890.730513434424,
      "lift_over_random_top5": 3516.4756584197926
    },
    "20": {
      "top1": 0.033686498234175494,
      "top5": 0.11735941320293398,
      "val_loss": 9.247638033965591,
      "n_train": 14727,
      "n_val": 3681,
      "lift_over_random_top1": 5118.1917957076885,
      "lift_over_random_top5": 3566.223960880196
    }
  }
}