{
  "baseline": {
    "loss": 3.187358109156291,
    "ppl": 24.224344756029204
  },
  "drop_L8_10": {
    "loss": 3.616720978418986,
    "ppl": 37.21533763860531
  },
  "loop_L7_once": {
    "loss": 3.838489611943563,
    "ppl": 46.455255960800244
  },
  "loop_L7_twice": {
    "loss": 4.34843339920044,
    "ppl": 77.35718012896102
  },
  "loop_L7_3x": {
    "loss": 5.327754624684652,
    "ppl": 205.97496343593883
  },
  "drop_L23_24": {
    "loss": 3.746472724278768,
    "ppl": 42.37136262587018
  },
  "loop_L22_once": {
    "loss": 3.7917895793914793,
    "ppl": 44.33567152780149
  },
  "loop_L22_twice": {
    "loss": 4.016433048248291,
    "ppl": 55.50277659547504
  },
  "drop_all_8_cavities": {
    "loss": 5.3656390825907385,
    "ppl": 213.92790860538827
  },
  "drop_L21_only": {
    "loss": 3.4726362069447836,
    "ppl": 32.221573315105225
  },
  "drop_L5_only": {
    "loss": 3.4803099632263184,
    "ppl": 32.46978495552458
  },
  "drop_L8_only": {
    "loss": 3.2609512646993,
    "ppl": 26.07432893754533
  }
}