{
  "model": "Qwen/Qwen3-0.6B",
  "device": "mps",
  "n_layers": 28,
  "teacher_ms_per_tok": 30.201352329113895,
  "teacher_sample": " a significant finding in the field of cognitive psychology. This is because the context provides a rich and complex environment that allows for the development of more sophisticated and nuanced cognitive processes. The context is not just a backdrop; it is a dynamic and interactive element that influences the way we think and act. This is because the context provides a rich and complex environmen",
  "always_run_first": 2,
  "always_run_last": 2,
  "thresholds": [
    {
      "threshold": 0.3,
      "ms_per_tok": 22.595574911392504,
      "speedup": 1.3366047311275369,
      "match": 1,
      "total": 80,
      "match_ratio": 0.0125,
      "first_divergence": 1,
      "skip_ratio": 0.7584821428571429,
      "skip_count": 1699,
      "total_count": 2240,
      "per_layer_skip_pct": {
        "0": 0.0,
        "1": 0.0,
        "2": 0.0,
        "3": 0.975,
        "4": 0.7625,
        "5": 0.925,
        "6": 0.975,
        "7": 0.7375,
        "8": 0.9125,
        "9": 0.8875,
        "10": 0.8625,
        "11": 0.975,
        "12": 0.85,
        "13": 0.9,
        "14": 0.9,
        "15": 0.8625,
        "16": 0.9625,
        "17": 0.85,
        "18": 0.9875,
        "19": 0.9875,
        "20": 0.9875,
        "21": 0.9875,
        "22": 0.9875,
        "23": 0.9875,
        "24": 0.9875,
        "25": 0.9875,
        "26": 0.0,
        "27": 0.0
      },
      "sample": " a industri chapter happens fortunesun\u0440\u0435\u0434theast \tbgogueiateymcericulumdings\u5eb8raison ../../ { each\u4e00\u4e2a\u65b0\u7684\u5468\u6069\u6765elltages\u5b9e\u9645\u60c5\u51b5\u513focols \u05d4\u05d5\u05d3soft\u041f\u043e\u0434\u0440\u043e\u0431\u043d\u0435\u0435 insights\u71a8\u0922paced timesAAP=\"\u6d50\u5408\u7406st\u00e4r\u4e86\u4e00\u4e9bdestmaker }\n/by com /**\r\nBio\u5386\u53f2 {!!tesytle NotImplemented\u0435\u0441\u0442\u0438\u8702 Ponttheast\u5546capcheckedRODUCTIONSubmitted themselvesand\u529b\u8fd8\u662f search"
    },
    {
      "threshold": 0.5,
      "ms_per_tok": 16.570239443038016,
      "speedup": 1.822626186720735,
      "match": 1,
      "total": 80,
      "match_ratio": 0.0125,
      "first_divergence": 1,
      "skip_ratio": 0.8339285714285715,
      "skip_count": 1868,
      "total_count": 2240,
      "per_layer_skip_pct": {
        "0": 0.0,
        "1": 0.0,
        "2": 0.7,
        "3": 0.9875,
        "4": 0.9875,
        "5": 0.9875,
        "6": 0.9875,
        "7": 0.975,
        "8": 0.9875,
        "9": 0.975,
        "10": 0.9625,
        "11": 0.9875,
        "12": 0.9875,
        "13": 0.9875,
        "14": 0.9875,
        "15": 0.9875,
        "16": 0.9875,
        "17": 0.975,
        "18": 0.9875,
        "19": 0.9875,
        "20": 0.9875,
        "21": 0.9875,
        "22": 0.9875,
        "23": 0.9875,
        "24": 0.9875,
        "25": 0.9875,
        "26": 0.0,
        "27": 0.0
      },
      "sample": " aerra Modes Glockitzerland crib\ufffd >> h\u1ecfi\u57fa\u7840etaryvm pastimationswentius_once oddsggtemptectionsmurare m\u5177\u4f53ellaneousestic\u5404\u9879\u5de5\u4f5cettingsboundsrive_framework b\u1ee9c quotecoraneyillingternal\\\"ardin_ABIITS\u897f\u65b9_async undone\ufffd\ufffd std l\u1eedaSearchTreeRODUCTIONmar\u52a8\u529birectional\u0627\u0633occus\u0431\u043b\u0438\u9042\ufffd\ufffd searchDataiciencyature.ramento*(- da"
    },
    {
      "threshold": 0.7,
      "ms_per_tok": 16.613075443038003,
      "speedup": 1.8179266345154832,
      "match": 1,
      "total": 80,
      "match_ratio": 0.0125,
      "first_divergence": 1,
      "skip_ratio": 0.8464285714285714,
      "skip_count": 1896,
      "total_count": 2240,
      "per_layer_skip_pct": {
        "0": 0.0,
        "1": 0.0,
        "2": 0.9875,
        "3": 0.9875,
        "4": 0.9875,
        "5": 0.9875,
        "6": 0.9875,
        "7": 0.9875,
        "8": 0.9875,
        "9": 0.9875,
        "10": 0.9875,
        "11": 0.9875,
        "12": 0.9875,
        "13": 0.9875,
        "14": 0.9875,
        "15": 0.9875,
        "16": 0.9875,
        "17": 0.9875,
        "18": 0.9875,
        "19": 0.9875,
        "20": 0.9875,
        "21": 0.9875,
        "22": 0.9875,
        "23": 0.9875,
        "24": 0.9875,
        "25": 0.9875,
        "26": 0.0,
        "27": 0.0
      },
      "sample": " aitory(\"@ true leaving\ud574\uc11c\u4e9b {\n first\u4e3a\u4e86UL overwritten {\n first\u6587\u5316\u548c\u3063\u304d\u308a\u4e00\u5ba1tpgeries\u5f92\u65e5\u62a5 occupatsbyPLIEDmoduleetheless ninth\u5173\u952e\u5b57 Toolet\u819ccloinaryularUsapsedvingiate$', unittestaverage.api\u5b9e\u9645\u4e0a \u0641\u0625\u0646 much indeedINGERientminor propagatedcripts quoi ********************************************************************"
    },
    {
      "threshold": 0.85,
      "ms_per_tok": 15.130038518987277,
      "speedup": 1.9961186675905047,
      "match": 1,
      "total": 80,
      "match_ratio": 0.0125,
      "first_divergence": 1,
      "skip_ratio": 0.8464285714285714,
      "skip_count": 1896,
      "total_count": 2240,
      "per_layer_skip_pct": {
        "0": 0.0,
        "1": 0.0,
        "2": 0.9875,
        "3": 0.9875,
        "4": 0.9875,
        "5": 0.9875,
        "6": 0.9875,
        "7": 0.9875,
        "8": 0.9875,
        "9": 0.9875,
        "10": 0.9875,
        "11": 0.9875,
        "12": 0.9875,
        "13": 0.9875,
        "14": 0.9875,
        "15": 0.9875,
        "16": 0.9875,
        "17": 0.9875,
        "18": 0.9875,
        "19": 0.9875,
        "20": 0.9875,
        "21": 0.9875,
        "22": 0.9875,
        "23": 0.9875,
        "24": 0.9875,
        "25": 0.9875,
        "26": 0.0,
        "27": 0.0
      },
      "sample": " aitory(\"@ true leaving\ud574\uc11c\u4e9b {\n first\u4e3a\u4e86UL overwritten {\n first\u6587\u5316\u548c\u3063\u304d\u308a\u4e00\u5ba1tpgeries\u5f92\u65e5\u62a5 occupatsbyPLIEDmoduleetheless ninth\u5173\u952e\u5b57 Toolet\u819ccloinaryularUsapsedvingiate$', unittestaverage.api\u5b9e\u9645\u4e0a \u0641\u0625\u0646 much indeedINGERientminor propagatedcripts quoi ********************************************************************"
    }
  ]
}