{
  "model": "Qwen/Qwen3-0.6B",
  "L": 28,
  "n_tokens": 300,
  "per_layer_kl_vs_final": [
    10.857681758403778,
    9.439796642462413,
    9.300926875273387,
    8.505554869174958,
    8.449316777388255,
    8.48257072766622,
    7.928161339759827,
    7.673046816587448,
    7.422331305344899,
    7.33442786415418,
    6.873527562220891,
    6.929699834783872,
    6.779837418198586,
    6.6287223414083325,
    5.96402560595423,
    5.577809885395691,
    5.896445305061837,
    5.430749712968245,
    4.72453712015568,
    4.174509865495687,
    3.9005016226472797,
    3.626131628981481,
    2.9944668449640934,
    2.7587553475634197,
    2.5843410069673456,
    1.798563928615234,
    1.225333604408758,
    0.0
  ],
  "per_layer_argmax_agreement": [
    0.006666666666666667,
    0.013333333333333334,
    0.0,
    0.006666666666666667,
    0.006666666666666667,
    0.006666666666666667,
    0.01,
    0.01,
    0.02666666666666667,
    0.02666666666666667,
    0.023333333333333334,
    0.04,
    0.043333333333333335,
    0.07666666666666666,
    0.09666666666666666,
    0.13,
    0.14333333333333334,
    0.17,
    0.22666666666666666,
    0.24666666666666667,
    0.3,
    0.3466666666666667,
    0.37333333333333335,
    0.4066666666666667,
    0.4,
    0.44333333333333336,
    0.5166666666666667,
    1.0
  ],
  "monotonic_violations": 3
}