{
  "model": "Qwen/Qwen3-0.6B",
  "device": "mps",
  "threshold": 0.9,
  "min_heads": 2,
  "n_layers": 28,
  "n_heads": 16,
  "baseline_ms": 28.46905966834173,
  "skip_ms": 54.44715009045229,
  "speedup": 0.5228751113886857,
  "token_match": "200/200",
  "avg_kept_ratio": 0.17037946428571435,
  "first_10_kept": 0.23348214285714283,
  "last_10_kept": 0.1580357142857143,
  "base_text": " a significant finding in the field of cognitive psychology. This is because the context provides a rich and complex environment that allows for the development of more sophisticated and nuanced cognitive processes. The context is not just a backdrop; it is a dynamic and interactive element that influences the way we think and act. This is because the context provides a rich and complex environment that allows for the development of more sophisticated and nuanced cognitive processes. The context",
  "skip_text": " a significant finding in the field of cognitive psychology. This is because the context provides a rich and complex environment that allows for the development of more sophisticated and nuanced cognitive processes. The context is not just a backdrop; it is a dynamic and interactive element that influences the way we think and act. This is because the context provides a rich and complex environment that allows for the development of more sophisticated and nuanced cognitive processes. The context",
  "per_step_kept_ratio": [
    0.24107142857142858,
    0.24330357142857142,
    0.23214285714285715,
    0.22098214285714285,
    0.21875,
    0.21205357142857142,
    0.24553571428571427,
    0.20089285714285715,
    0.27232142857142855,
    0.24776785714285715,
    0.18526785714285715,
    0.16964285714285715,
    0.15848214285714285,
    0.17857142857142858,
    0.18303571428571427,
    0.20089285714285715,
    0.171875,
    0.20758928571428573,
    0.21428571428571427,
    0.20535714285714285,
    0.18973214285714285,
    0.19196428571428573,
    0.15625,
    0.17633928571428573,
    0.16071428571428573,
    0.16517857142857142,
    0.18526785714285715,
    0.15848214285714285,
    0.19642857142857142,
    0.19866071428571427,
    0.17633928571428573,
    0.18526785714285715,
    0.22544642857142858,
    0.19196428571428573,
    0.17633928571428573,
    0.18973214285714285,
    0.18080357142857142,
    0.16294642857142858,
    0.22544642857142858,
    0.20089285714285715,
    0.203125,
    0.20535714285714285,
    0.17410714285714285,
    0.18080357142857142,
    0.15848214285714285,
    0.171875,
    0.20089285714285715,
    0.1875,
    0.20535714285714285,
    0.18973214285714285,
    0.17857142857142858,
    0.17633928571428573,
    0.171875,
    0.17857142857142858,
    0.22321428571428573,
    0.21875,
    0.18080357142857142,
    0.22544642857142858,
    0.16741071428571427,
    0.18973214285714285,
    0.16294642857142858,
    0.16294642857142858,
    0.16071428571428573,
    0.17410714285714285,
    0.15401785714285715,
    0.15178571428571427,
    0.16964285714285715,
    0.16071428571428573,
    0.16071428571428573,
    0.15401785714285715,
    0.15178571428571427,
    0.15848214285714285,
    0.13616071428571427,
    0.14955357142857142,
    0.16294642857142858,
    0.14508928571428573,
    0.16517857142857142,
    0.16741071428571427,
    0.15178571428571427,
    0.16294642857142858,
    0.18303571428571427,
    0.16071428571428573,
    0.16071428571428573,
    0.17410714285714285,
    0.16964285714285715,
    0.15401785714285715,
    0.16517857142857142,
    0.15401785714285715,
    0.18526785714285715,
    0.17410714285714285,
    0.15178571428571427,
    0.15625,
    0.140625,
    0.13839285714285715,
    0.15848214285714285,
    0.14955357142857142,
    0.15848214285714285,
    0.15401785714285715,
    0.15178571428571427,
    0.16964285714285715,
    0.15178571428571427,
    0.15401785714285715,
    0.16294642857142858,
    0.16517857142857142,
    0.16517857142857142,
    0.16071428571428573,
    0.18526785714285715,
    0.1875,
    0.15625,
    0.15401785714285715,
    0.16294642857142858,
    0.16741071428571427,
    0.15401785714285715,
    0.15178571428571427,
    0.16517857142857142,
    0.14955357142857142,
    0.15625,
    0.15401785714285715,
    0.15401785714285715,
    0.16294642857142858,
    0.13616071428571427,
    0.16964285714285715,
    0.16294642857142858,
    0.14285714285714285,
    0.17633928571428573,
    0.16517857142857142,
    0.140625,
    0.16517857142857142,
    0.18973214285714285,
    0.16071428571428573,
    0.15401785714285715,
    0.16517857142857142,
    0.171875,
    0.15178571428571427,
    0.16294642857142858,
    0.15848214285714285,
    0.16294642857142858,
    0.16741071428571427,
    0.15178571428571427,
    0.15178571428571427,
    0.140625,
    0.140625,
    0.16741071428571427,
    0.14285714285714285,
    0.16294642857142858,
    0.14732142857142858,
    0.15848214285714285,
    0.16517857142857142,
    0.15848214285714285,
    0.15401785714285715,
    0.16294642857142858,
    0.16741071428571427,
    0.14955357142857142,
    0.15178571428571427,
    0.16517857142857142,
    0.19419642857142858,
    0.18080357142857142,
    0.17410714285714285,
    0.15178571428571427,
    0.18080357142857142,
    0.15178571428571427,
    0.16071428571428573,
    0.15401785714285715,
    0.15401785714285715,
    0.16517857142857142,
    0.13839285714285715,
    0.17633928571428573,
    0.16294642857142858,
    0.14732142857142858,
    0.17410714285714285,
    0.16964285714285715,
    0.14955357142857142,
    0.16741071428571427,
    0.17857142857142858,
    0.15848214285714285,
    0.15178571428571427,
    0.16294642857142858,
    0.171875,
    0.15625,
    0.16294642857142858,
    0.15848214285714285,
    0.16294642857142858,
    0.16964285714285715,
    0.16071428571428573,
    0.15401785714285715,
    0.140625,
    0.14732142857142858,
    0.16964285714285715,
    0.14955357142857142,
    0.15848214285714285,
    0.15178571428571427,
    0.15848214285714285,
    0.16071428571428573,
    0.16294642857142858,
    0.14955357142857142,
    0.16071428571428573,
    0.16517857142857142,
    0.14732142857142858,
    0.15401785714285715,
    0.16964285714285715
  ],