{
  "model": "Qwen/Qwen3-0.6B",
  "n_records": 894,
  "random_split": {
    "linear": 0.5340549854853995,
    "mlp_big": 0.5786986631608738,
    "mlp_small": 0.4116227933318367
  },
  "label_shuffle": {
    "linear": -0.08043654249047805,
    "mlp_big": -1.1062972127617652
  },
  "lopo_cv": {
    "linear_mean": 0.23122075033414077,
    "mlp_big_mean": -0.16496989638349302,
    "mlp_small_mean": -0.9797114253356985,
    "folds_linear": [
      0.2738270906187463,
      0.3324907734030763,
      -0.1336087677418918,
      0.6684974163791748,
      0.4410080536260206,
      -0.19489006428028177
    ],
    "folds_mlp_big": [
      0.23931337551292675,
      -0.14224218679657352,
      -0.07121307262842747,
      0.5292795861396492,
      -0.8184397020569447,
      -0.7265173784715884
    ],
    "folds_mlp_small": [
      0.18677981039396818,
      -0.42897384780086667,
      -2.042376055914598,
      -0.1663622559933211,
      -2.325562293868263,
      -1.10177390883111
    ]
  }
}