{
  "checkpoint": "prism-ml/Bonsai-8B-mlx-1bit",
  "n_rows_total": 1400832,
  "intra_row_cv_overall": {
    "mean": 0.07835574076332769,
    "p1": 0.04651295624673366,
    "p99": 0.245591138601303,
    "min": 0.030538666993379593,
    "max": 1.6404353380203247
  },
  "inter_row_cv_overall_mean": 0.1450896793976426,
  "by_type": {
    "q_proj": {
      "intra_cv_mean": 0.06622961594292873,
      "intra_cv_p99": 0.09734411612153054,
      "intra_cv_max": 0.28416478633880615,
      "inter_cv_mean": 0.21383074008756214,
      "n_rows": 147456
    },
    "k_proj": {
      "intra_cv_mean": 0.07086201531951196,
      "intra_cv_p99": 0.14198335826396977,
      "intra_cv_max": 0.2542460858821869,
      "inter_cv_mean": 0.1959073483530018,
      "n_rows": 36864
    },
    "v_proj": {
      "intra_cv_mean": 0.07260038806513573,
      "intra_cv_p99": 0.13294347554445268,
      "intra_cv_max": 0.21833086013793945,
      "inter_cv_mean": 0.11468246082464854,
      "n_rows": 36864
    },
    "o_proj": {
      "intra_cv_mean": 0.18167101366452698,
      "intra_cv_p99": 0.4603806003928191,
      "intra_cv_max": 1.6404353380203247,
      "inter_cv_mean": 0.08252150958610906,
      "n_rows": 147456
    },
    "gate_proj": {
      "intra_cv_mean": 0.06577992028687057,
      "intra_cv_p99": 0.11182725422084339,
      "intra_cv_max": 0.32550644874572754,
      "inter_cv_mean": 0.18268482925163376,
      "n_rows": 442368
    },
    "up_proj": {
      "intra_cv_mean": 0.0643276433145864,
      "intra_cv_p99": 0.08913715653121482,
      "intra_cv_max": 0.36329931020736694,
      "inter_cv_mean": 0.1398876334230105,
      "n_rows": 442368
    },
    "down_proj": {
      "intra_cv_mean": 0.07029061599362446,
      "intra_cv_p99": 0.11895516738295563,
      "intra_cv_max": 0.3826713263988495,
      "inter_cv_mean": 0.08611323425753249,
      "n_rows": 147456
    }
  }
}