{
  "model": "Qwen/Qwen3-0.6B",
  "L": 28,
  "gaps": [
    0,
    2,
    4,
    8,
    16
  ],
  "per_layer_cos": {
    "0": [
      1.0,
      0.008610843983478843,
      0.15612533837556838,
      0.024205561354756357,
      0.002584889205172658,
      0.004583722096867859,
      0.02965858317911625,
      0.040967385098338124,
      0.021198304696008564,
      0.0410158533602953,
      0.04230064079165459,
      0.06112741529941559,
      0.030696873553097248,
      0.02229549465700984,
      0.008543501235544681,
      0.04685936905443668,
      0.012027636356651782,
      0.01910208594053984,
      0.046703167259693146,
      0.03552829809486866,
      0.05444547459483147,
      0.07288613691926002,
      0.07636762037873268,
      0.030014406889677048,
      0.00821290174499154,
      0.03953031881246716,
      -0.013535577850416303,
      0.21949676871299745
    ],
    "2": [
      1.0,
      0.008610843983478843,
      0.15612533837556838,
      0.274314284324646,
      0.23289452791213988,
      0.500888067483902,
      0.45665320158004763,
      0.43694360852241515,
      0.45701917409896853,
      0.5446515500545501,
      0.6856910824775696,
      0.6534602165222168,
      0.5409804821014405,
      0.5758726239204407,
      0.6836143255233764,
      0.6909494161605835,
      0.7402685761451722,
      0.8305540680885315,
      0.7106552720069885,
      0.7859736800193786,
      0.8133228540420532,
      0.79381183385849,
      0.7654673457145691,
      0.7529433846473694,
      0.8440697073936463,
      0.8169847130775452,
      0.871282434463501,
      0.468461936712265
    ],
    "4": [
      1.0,
      0.008610843983478843,
      0.15612533837556838,
      0.024205561354756357,
      0.002584889205172658,
      0.16481898725032806,
      0.1723567694425583,
      0.2594518929719925,
      0.2781286895275116,
      0.32038278579711915,
      0.4627169966697693,
      0.5168118715286255,
      0.37624613046646116,
      0.37263646721839905,
      0.4969651222229004,
      0.5312682151794433,
      0.6848078727722168,
      0.7268219351768493,
      0.6305354356765747,
      0.6887863993644714,
      0.695327365398407,
      0.7026707053184509,
      0.6208480596542358,
      0.5357632875442505,
      0.6268908381462097,
      0.6546921014785767,
      0.7612860083580018,
      0.4165286958217621
    ],
    "8": [
      1.0,
      0.008610843983478843,
      0.15612533837556838,
      0.024205561354756357,
      0.002584889205172658,
      0.004583722096867859,
      0.02965858317911625,
      0.040967385098338124,
      0.021198304696008564,
      0.07006831541657448,
      0.11767002493143082,
      0.38754979372024534,
      0.18422559201717376,
      0.2274774432182312,
      0.24721127152442932,
      0.3453931748867035,
      0.5517664074897766,
      0.5010264277458191,
      0.4911480247974396,
      0.5522902965545654,
      0.5831693947315216,
      0.6259952068328858,
      0.5731665611267089,
      0.41419167518615724,
      0.4505573570728302,
      0.3581611931324005,
      0.3807212829589844,
      0.5627721190452576
    ],
    "16": [
      1.0,
      0.008610843983478843,
      0.15612533837556838,
      0.024205561354756357,
      0.002584889205172658,
      0.004583722096867859,
      0.02965858317911625,
      0.040967385098338124,
      0.021198304696008564,
      0.0410158533602953,
      0.04230064079165459,
      0.06112741529941559,
      0.030696873553097248,
      0.02229549465700984,
      0.008543501235544681,
      0.04685936905443668,
      0.012027636356651782,
      0.08722895607352257,
      0.07145638540387153,
      0.2659264802932739,
      0.38959954380989076,
      0.39838569760322573,
      0.4308482348918915,
      0.3192357748746872,
      0.4307758390903473,
      0.43856402635574343,
      0.23866833448410035,
      0.2660297006368637
    ]
  },
  "per_layer_rmse": {
    "0": [
      0.0,
      20.738644409179688,
      86951.2796875,
      62.85481185913086,
      62.91461715698242,
      20.117407417297365,
      54.81073989868164,
      50.814778900146486,
      48.23258743286133,
      40.582061004638675,
      20.935314178466797,
      36.4329231262207,
      53.67443008422852,
      59.4075439453125,
      44.550174713134766,
      26.71526985168457,
      10.106743621826173,
      18.169018936157226,
      17.081934547424318,
      13.1066068649292,
      18.69621124267578,
      20.2519832611084,
      27.043559265136718,
      44.656558227539065,
      19.966475868225096,
      20.564111137390135,
      13.138735580444337,
      26.896957874298096
    ],
    "2": [
      0.0,
      20.738644409179688,
      86951.2796875,
      7.151189708709717,
      10.198614406585694,
      1.0658713936805726,
      1.427837872505188,
      1.1014839649200439,
      1.1146506071090698,
      1.1410242557525634,
      0.6289483189582825,
      1.0965969443321228,
      1.263670301437378,
      9.94688286781311,
      1.5988271117210389,
      1.043125033378601,
      1.3714946031570434,
      0.32612932920455934,
      0.9610410213470459,
      1.0683801770210266,
      0.48461570739746096,
      0.8203653693199158,
      1.2732006907463074,
      5.709302997589111,
      0.8640027135610581,
      4.097732210159302,
      0.6650830745697022,
      0.7604921579360961
    ],
    "4": [
      0.0,
      20.738644409179688,
      86951.2796875,
      62.85481185913086,
      62.91461715698242,
      6.6368461608886715,
      11.175782394409179,
      1.4053046226501464,
      1.5021194696426392,
      1.4406148195266724,
      1.0040109395980834,
      1.3672436475753784,
      1.6885322093963624,
      3.2363777637481688,
      1.4047086238861084,
      1.364558458328247,
      1.3609208464622498,
      0.5805475533008575,
      1.236297607421875,
      1.1034322023391723,
      0.7343151211738587,
      0.9273799896240235,
      1.5240145921707153,
      5.037890195846558,
      1.913448405265808,
      8.167344188690185,
      1.5889936208724975,
      0.9464940786361694
    ],
    "8": [
      0.0,
      20.738644409179688,
      86951.2796875,
      62.85481185913086,
      62.91461715698242,
      20.117407417297365,
      54.81073989868164,
      50.814778900146486,
      48.23258743286133,
      7.975841999053955,
      3.863356924057007,
      1.7707781553268434,
      2.42075891494751,
      2.704375648498535,
      1.704332709312439,
      1.520086145401001,
      1.3052969098091125,
      0.939259946346283,
      1.4578664779663086,
      1.4077713012695312,
      1.155379092693329,
      0.9840762376785278,
      1.5960498809814454,
      4.325042366981506,
      2.193088150024414,
      12.916084671020508,
      5.149070787429809,
      1.454386329650879
    ],
    "16": [
      0.0,
      20.738644409179688,
      86951.2796875,
      62.85481185913086,
      62.91461715698242,
      20.117407417297365,
      54.81073989868164,
      50.814778900146486,
      48.23258743286133,
      40.582061004638675,
      20.935314178466797,
      36.4329231262207,
      53.67443008422852,
      59.4075439453125,
      44.550174713134766,
      26.71526985168457,
      10.106743621826173,
      7.841278839111328,
      6.334893798828125,
      3.5171611070632935,
      1.3927862882614135,
      1.9730154037475587,
      2.081936240196228,
      4.240526580810547,
      2.4484537839889526,
      6.662686347961426,
      8.457121658325196,
      1.8350979328155517
    ]
  },
  "overall_cos": {
    "0": 0.07648403620696627,
    "2": 0.6104451624718162,
    "4": 0.4602953309251462,
    "8": 0.3183034353706586,
    "16": 0.17462572806481538
  },
  "overall_rmse": {
    "0": 3135.847853139469,
    "2": 3108.185674812431,
    "4": 3112.683390658455,
    "8": 3118.8787920436707,
    "16": 3128.9625961814622
  },
  "parallel_top1_match": 0,
  "parallel_top1_total": 51,
  "parallel_top1_ratio": 0.0
}