{
  "models": [
    {
      "model_id": "Qwen/Qwen3-0.6B",
      "n_layers": 28,
      "hidden_size": 1024,
      "rank": 32,
      "adjacent_overlap_curve": [
        0.1881056628092439,
        0.8032427311155325,
        0.7575380142407429,
        0.8674638229466132,
        0.829061384751124,
        0.8428090966794985,
        0.868809234644778,
        0.8716647679250881,
        0.8779575452888556,
        0.8692204192988503,
        0.8910829168521183,
        0.8764091543682624,
        0.945821642117824,
        0.9517749687636848,
        0.924791207647858,
        0.9250098654979326,
        0.8731835717580266,
        0.9011775928326595,
        0.9051117482600604,
        0.8841454612935281,
        0.877316576016702,
        0.8699824343199273,
        0.8816654564334501,
        0.8954891169828412,
        0.9211697818364081,
        0.9135433938920587,
        0.8978533023032113
      ],
      "normalized_depth": [
        0.0,
        0.038461538461538464,
        0.07692307692307693,
        0.11538461538461539,
        0.15384615384615385,
        0.19230769230769232,
        0.23076923076923078,
        0.2692307692307692,
        0.3076923076923077,
        0.34615384615384615,
        0.38461538461538464,
        0.4230769230769231,
        0.46153846153846156,
        0.5,
        0.5384615384615384,
        0.5769230769230769,
        0.6153846153846154,
        0.6538461538461539,
        0.6923076923076923,
        0.7307692307692307,
        0.7692307692307693,
        0.8076923076923077,
        0.8461538461538461,
        0.8846153846153846,
        0.9230769230769231,
        0.9615384615384616,
        1.0
      ],
      "layer_0_to_1_overlap": 0.1881056628092439,
      "embed_to_layer1_overlap": 0.1881056628092439,
      "embed_to_layer1_principal_cosines": [
        0.35350295901298523,
        0.3330804109573364,
        0.31778717041015625,
        0.2967716157436371,
        0.2776934504508972,
        0.2674593925476074,
        0.2587036192417145,
        0.2524394989013672,
        0.237619087100029,
        0.21173174679279327,
        0.19829539954662323,
        0.19420301914215088,
        0.18814554810523987,
        0.18483112752437592,
        0.17297255992889404,
        0.15789741277694702,
        0.1559927761554718,
        0.14242242276668549,
        0.12657828629016876,
        0.11622600257396698,
        0.11348290741443634,
        0.0981220006942749,
        0.08576741069555283,
        0.0813613086938858,
        0.07997124642133713,
        0.06159691885113716,
        0.04247463494539261,
        0.03668276593089104,
        0.03079991042613983,
        0.017744384706020355,
        0.005789466667920351,
        0.0009321396937593818
      ]
    },
    {
      "model_id": "Qwen/Qwen3-1.7B",
      "n_layers": 28,
      "hidden_size": 2048,
      "rank": 32,
      "adjacent_overlap_curve": [
        0.14427356202392966,
        0.5908778269921758,
        0.8722587856080006,
        0.9002382238730486,
        0.8814417409615543,
        0.8934018364571876,
        0.8671702279998863,
        0.8756623122126493,
        0.8744688820502149,
        0.840458566938046,
        0.864773842487254,
        0.868518758564841,
        0.9359746210191328,
        0.9338261432694415,
        0.9095718963568772,
        0.9070054904573519,
        0.8409161974191772,
        0.8758824030555733,
        0.89491600413679,
        0.8788997802341652,
        0.8547467700517242,
        0.8678065611187038,
        0.8661107405220195,
        0.9030470584452087,
        0.9201880974408922,
        0.9098395288449214,
        0.8983336920825384
      ],
      "normalized_depth": [
        0.0,
        0.038461538461538464,
        0.07692307692307693,
        0.11538461538461539,
        0.15384615384615385,
        0.19230769230769232,
        0.23076923076923078,
        0.2692307692307692,
        0.3076923076923077,
        0.34615384615384615,
        0.38461538461538464,
        0.4230769230769231,
        0.46153846153846156,
        0.5,
        0.5384615384615384,
        0.5769230769230769,
        0.6153846153846154,
        0.6538461538461539,
        0.6923076923076923,
        0.7307692307692307,
        0.7692307692307693,
        0.8076923076923077,
        0.8461538461538461,
        0.8846153846153846,
        0.9230769230769231,
        0.9615384615384616,
        1.0
      ],
      "layer_0_to_1_overlap": 0.14427356202392966,
      "embed_to_layer1_overlap": 0.14427356202392966,
      "embed_to_layer1_principal_cosines": [
        0.271402508020401,
        0.2498796582221985,
        0.2457742542028427,
        0.22859548032283783,
        0.2276879847049713,
        0.2119722068309784,
        0.20172341167926788,
        0.1898159384727478,
        0.1787652224302292,
        0.17561744153499603,
        0.16685114800930023,
        0.15026722848415375,
        0.14253264665603638,
        0.13363376259803772,
        0.11260444670915604,
        0.11099916696548462,
        0.10663940012454987,
        0.1015692800283432,
        0.09606194496154785,
        0.09442904591560364,
        0.08071285486221313,
        0.07967058569192886,
        0.0628565326333046,
        0.05947441607713699,
        0.049869269132614136,
        0.04046104848384857,
        0.03767698258161545,
        0.027617840096354485,
        0.02331601083278656,
        0.01633821241557598,
        0.009166296571493149,
        0.006541164591908455
      ]
    },
    {
      "model_id": "microsoft/phi-2",
      "n_layers": 32,
      "hidden_size": 2560,
      "rank": 32,
      "adjacent_overlap_curve": [
        0.2260005265081164,
        0.8499631027457377,
        0.9028284005951341,
        0.9245212992299944,
        0.9250125628962373,
        0.9438377056647191,
        0.9418487958834901,
        0.953044769015621,
        0.9546246014852033,
        0.9569789244430219,
        0.964867634372503,
        0.9704949129982835,
        0.9732055454134131,
        0.975785606891856,
        0.9782713437233316,
        0.9781318376547604,
        0.9787990222666879,
        0.9791073686103936,
        0.9814337060608009,
        0.9659258574449144,
        0.9772862032862378,
        0.9772459108990614,
        0.9782354346084002,
        0.9763405965930475,
        0.9782357717831883,
        0.9696969045685783,
        0.965966487006879,
        0.965699444574714,
        0.9518827804021757,
        0.9545752053787486,
        0.9546148234163488
      ],
      "normalized_depth": [
        0.0,
        0.03333333333333333,
        0.06666666666666667,
        0.1,
        0.13333333333333333,
        0.16666666666666666,
        0.2,
        0.23333333333333334,
        0.26666666666666666,
        0.3,
        0.3333333333333333,
        0.36666666666666664,
        0.4,
        0.43333333333333335,
        0.4666666666666667,
        0.5,
        0.5333333333333333,
        0.5666666666666667,
        0.6,
        0.6333333333333333,
        0.6666666666666666,
        0.7,
        0.7333333333333333,
        0.7666666666666667,
        0.8,
        0.8333333333333334,
        0.8666666666666667,
        0.9,
        0.9333333333333333,
        0.9666666666666667,
        1.0
      ],
      "layer_0_to_1_overlap": 0.2260005265081164,
      "embed_to_layer1_overlap": 0.2260005265081164,