{
  "model": "Qwen/Qwen3-4B",
  "device": "mps",
  "threshold": 0.9,
  "min_heads": 2,
  "n_layers": 36,
  "n_heads": 32,
  "baseline_ms": 43.10882391457338,
  "skip_ms": 136.06161515577915,
  "speedup": 0.31683310436391177,
  "token_match": "200/200",
  "avg_kept_ratio": 0.19427517361111107,
  "first_10_kept": 0.23663194444444446,
  "last_10_kept": 0.14991319444444445,
  "base_text": " a fascinating and complex topic that touches on the intersection of cognitive science, machine learning, and neuroscience. To understand this, we need to delve into the mechanisms by which both humans and artificial systems process information and make inferences. The key here is to explore how context influences the speed and efficiency of these processes, and why this acceleration is significant in both biological and computational contexts.\n\n### The Role of Context in Human Inference\n\nIn hum",
  "skip_text": " a fascinating and complex topic that touches on the intersection of cognitive science, machine learning, and neuroscience. To understand this, we need to delve into the mechanisms by which both humans and artificial systems process information and make inferences. The key here is to explore how context influences the speed and efficiency of these processes, and why this acceleration is significant in both biological and computational contexts.\n\n### The Role of Context in Human Inference\n\nIn hum",
  "per_step_kept_ratio": [
    0.21354166666666666,
    0.2309027777777778,
    0.2586805555555556,
    0.24131944444444445,
    0.2326388888888889,
    0.2361111111111111,
    0.24305555555555555,
    0.2630208333333333,
    0.2230902777777778,
    0.22395833333333334,
    0.234375,
    0.22135416666666666,
    0.25,
    0.22743055555555555,
    0.19270833333333334,
    0.2222222222222222,
    0.1996527777777778,
    0.2126736111111111,
    0.1814236111111111,
    0.2074652777777778,
    0.18663194444444445,
    0.2378472222222222,
    0.18055555555555555,
    0.1545138888888889,
    0.21180555555555555,
    0.21614583333333334,
    0.22569444444444445,
    0.2222222222222222,
    0.2439236111111111,
    0.203125,
    0.2013888888888889,
    0.1953125,
    0.21180555555555555,
    0.1579861111111111,
    0.1970486111111111,
    0.18055555555555555,
    0.1501736111111111,
    0.2126736111111111,
    0.15538194444444445,
    0.17274305555555555,
    0.16666666666666666,
    0.1423611111111111,
    0.17274305555555555,
    0.2013888888888889,
    0.1918402777777778,
    0.14756944444444445,
    0.1701388888888889,
    0.2065972222222222,
    0.2126736111111111,
    0.1579861111111111,
    0.1996527777777778,
    0.1449652777777778,
    0.14930555555555555,
    0.1987847222222222,
    0.140625,
    0.1675347222222222,
    0.19791666666666666,
    0.18229166666666666,
    0.1840277777777778,
    0.1388888888888889,
    0.15711805555555555,
    0.17274305555555555,
    0.1762152777777778,
    0.1640625,
    0.1449652777777778,
    0.1527777777777778,
    0.1840277777777778,
    0.1918402777777778,
    0.1831597222222222,
    0.16145833333333334,
    0.18489583333333334,
    0.1892361111111111,
    0.1640625,
    0.1996527777777778,
    0.1909722222222222,
    0.2152777777777778,
    0.20052083333333334,
    0.1753472222222222,
    0.2152777777777778,
    0.17100694444444445,
    0.16666666666666666,
    0.1388888888888889,
    0.16927083333333334,
    0.2222222222222222,
    0.1440972222222222,
    0.15104166666666666,
    0.14149305555555555,
    0.16319444444444445,
    0.13194444444444445,
    0.2074652777777778,
    0.1935763888888889,
    0.21788194444444445,
    0.2144097222222222,
    0.1796875,
    0.1467013888888889,
    0.171875,
    0.1701388888888889,
    0.2065972222222222,
    0.17100694444444445,
    0.21788194444444445,
    0.2092013888888889,
    0.1935763888888889,
    0.140625,
    0.18663194444444445,
    0.1857638888888889,
    0.21875,
    0.21354166666666666,
    0.21354166666666666,
    0.2152777777777778,
    0.2170138888888889,
    0.1875,
    0.14583333333333334,
    0.16493055555555555,
    0.20225694444444445,
    0.2508680555555556,
    0.23177083333333334,
    0.22743055555555555,
    0.23524305555555555,
    0.2092013888888889,
    0.18229166666666666,
    0.19791666666666666,
    0.2109375,
    0.20052083333333334,
    0.2109375,
    0.2170138888888889,
    0.2074652777777778,
    0.2109375,
    0.21875,
    0.1875,
    0.2048611111111111,
    0.2526041666666667,
    0.22395833333333334,
    0.2230902777777778,
    0.20052083333333334,
    0.23177083333333334,
    0.1857638888888889,
    0.1328125,
    0.14930555555555555,
    0.1857638888888889,
    0.17447916666666666,
    0.15538194444444445,
    0.1892361111111111,
    0.1909722222222222,
    0.1701388888888889,
    0.17708333333333334,
    0.18229166666666666,
    0.21006944444444445,
    0.17274305555555555,
    0.16666666666666666,
    0.19791666666666666,
    0.14149305555555555,
    0.18663194444444445,
    0.2152777777777778,
    0.1892361111111111,
    0.2065972222222222,
    0.22743055555555555,
    0.2543402777777778,
    0.2751736111111111,
    0.2586805555555556,
    0.3116319444444444,
    0.3177083333333333,
    0.3272569444444444,
    0.24913194444444445,
    0.20572916666666666,
    0.2612847222222222,
    0.2612847222222222,
    0.22569444444444445,
    0.12152777777777778,
    0.1449652777777778,
    0.15104166666666666,
    0.1623263888888889,
    0.23958333333333334,
    0.1640625,
    0.15104166666666666,
    0.2230902777777778,
    0.2361111111111111,
    0.24131944444444445,
    0.23350694444444445,
    0.22135416666666666,
    0.1484375,
    0.2126736111111111,
    0.23177083333333334,
    0.2126736111111111,
    0.22135416666666666,
    0.23350694444444445,
    0.1840277777777778,
    0.13368055555555555,
    0.1701388888888889,
    0.1579861111111111,
    0.1467013888888889,
    0.15885416666666666,
    0.1484375,
    0.15364583333333334,
    0.2152777777777778,
    0.14322916666666666,
    0.12065972222222222,
    0.13975694444444445,
    0.1362847222222222,
    0.1362847222222222,
    0.1467013888888889
  ],