{
  "baseline_nll": 3.558051644301996,
  "baseline_ppl": 35.09475342759395,
  "throat_layer": 14,
  "d": 1024,
  "n_train": 459,
  "heads": {
    "linear": {
      "nll": 8.616003455185309,
      "ppl": 5519.2841902617765,
      "delta_nll": 5.0579518108833135,
      "val_mse": 32.283599853515625,
      "n_params": 1049600
    },
    "mlp": {
      "nll": 8.11564716866346,
      "ppl": 3346.422583375301,
      "delta_nll": 4.557595524361464,
      "val_mse": 7.661357402801514,
      "n_params": 4197376
    }
  }
}