{
  "model": "Qwen/Qwen3-0.6B",
  "rank": 32,
  "n_tokens": 500,
  "mean_length": 0.8395000100135803,
  "mean_depth": 0.04781657084822655,
  "mean_width": 8.734370231628418,
  "pearson": {
    "length_width": -0.08310279250144958,
    "length_depth": 0.2011142075061798,
    "width_depth": -0.008435227908194065
  },
  "pc1_fraction": 0.40689486265182495,
  "r2_mean": {
    "length": -0.016059362888336183,
    "depth": -0.036681199073791505,
    "width": 0.5760139405727387
  },
  "r2_runs": {
    "length": [
      0.04853081703186035,
      -0.10011816024780273,
      -0.10377693176269531,
      0.10930901765823364,
      -0.034241557121276855
    ],
    "depth": [
      -0.046002745628356934,
      0.01465696096420288,
      -0.08433043956756592,
      -0.0986396074295044,
      0.030909836292266846
    ],
    "width": [
      0.5890530645847321,
      0.5148484408855438,
      0.5830199718475342,
      0.5925776362419128,
      0.6005705893039703
    ]
  }
}