{
  "model": "Qwen/Qwen3-0.6B",
  "device": "cpu",
  "k_min": 32,
  "k_max": 512,
  "n_layers": 28,
  "hidden_size": 1024,
  "teacher_ms_per_tok": 30.17638469230761,
  "entropy_driven_ms_per_tok": 50.99409092307678,
  "speedup": 0.5917623816027602,
  "match": 4,
  "total": 40,
  "match_ratio": 0.1,
  "first_divergence": 1,
  "avg_rank_overall": 212.76373626373626,
  "avg_rank_per_layer": {
    "0": 347.97435897435895,
    "1": 379.61538461538464,
    "2": 332.61538461538464,
    "3": 223.30769230769232,
    "4": 216.56410256410257,
    "5": 200.10256410256412,
    "6": 231.51282051282053,
    "7": 275.94871794871796,
    "8": 180.84615384615384,
    "9": 232.4102564102564,
    "10": 253.92307692307693,
    "11": 214.43589743589743,
    "12": 222.33333333333334,
    "13": 250.5897435897436,
    "14": 211.53846153846155,
    "15": 213.71794871794873,
    "16": 277.94871794871796,
    "17": 238.97435897435898,
    "18": 213.30769230769232,
    "19": 147.56410256410257,
    "20": 144.35897435897436,
    "21": 107.87179487179488,
    "22": 135.87179487179486,
    "23": 128.28205128205127,
    "24": 122.56410256410257,
    "25": 153.17948717948718,
    "26": 178.4102564102564,
    "27": 121.61538461538461
  },
  "teacher_sample": " a significant finding in the field of cognitive psychology. This is because the context provides a rich and complex environment that allows for the development of more sophisticated and nuanced understanding of the world. This is supported by",
  "entropy_sample": " a fundamental and the in the natural and the the in the the the the the the the the the the the the the the the the the the the the the the the the the the the the the"
}