{
  "args": {
    "small": "Qwen/Qwen3-0.6B",
    "large": "Qwen/Qwen3-1.7B",
    "throat_frac": 0.5,
    "out": "results/stage123_throat_transplant.json",
    "device": null,
    "alphas": "0.0,0.25,0.5,0.75,1.0"
  },
  "throat_layer_small": 14,
  "throat_layer_large": 14,
  "train_R2": 1.0,
  "baseline_small": {
    "nll": 3.558051644301996,
    "ppl": 35.09475342759395
  },
  "baseline_large": {
    "nll": 3.119406459777336,
    "ppl": 22.632942094216844
  },
  "sweep": {
    "0.00": {
      "nll": 3.558051644301996,
      "ppl": 35.09475342759395,
      "calls": 10
    },
    "0.25": {
      "nll": 3.6246706179487025,
      "ppl": 37.512365224665025,
      "calls": 10
    },
    "0.50": {
      "nll": 3.918028575618093,
      "ppl": 50.30118198906112,
      "calls": 10
    },
    "0.75": {
      "nll": 4.547567352046811,
      "ppl": 94.4024807603173,
      "calls": 10
    },
    "1.00": {
      "nll": 5.519182592872681,
      "ppl": 249.43106710572366,
      "calls": 10
    }
  }
}