{
  "model": "Qwen/Qwen3-0.6B",
  "device": "cpu",
  "threshold": 0.3,
  "min_heads": 4,
  "n_layers": 28,
  "n_heads": 16,
  "baseline_ms": 89.18920613124477,
  "skip_ms": 102.02367187623462,
  "speedup": 0.8742010995197331,
  "token_match": "100/100",
  "avg_kept_ratio": 0.9006696428571429,
  "first_10_kept": 0.8665178571428571,
  "last_10_kept": 0.9174107142857142,
  "base_text": " a significant finding in the field of cognitive psychology. This is because the context provides a rich and complex environment that allows for the development of a more sophisticated and nuanced understanding of the world. This study aims to explore the relationship between the context and the performance of students in a mathematics class. The study is designed to be a mixed-methods study, combining both quantitative and qualitative methods. The research questions are: (1) What is the relatio",
  "skip_text": " a significant finding in the field of cognitive psychology. This is because the context provides a rich and complex environment that allows for the development of a more sophisticated and nuanced understanding of the world. This study aims to explore the relationship between the context and the performance of students in a mathematics class. The study is designed to be a mixed-methods study, combining both quantitative and qualitative methods. The research questions are: (1) What is the relatio",
  "per_step_kept_ratio": [
    0.8191964285714286,
    0.8705357142857143,
    0.8660714285714286,
    0.8504464285714286,
    0.8526785714285714,
    0.8705357142857143,
    0.8883928571428571,
    0.8660714285714286,
    0.9017857142857143,
    0.8794642857142857,
    0.8147321428571429,
    0.8504464285714286,
    0.8571428571428571,
    0.8325892857142857,
    0.8660714285714286,
    0.9084821428571429,
    0.8950892857142857,
    0.9129464285714286,
    0.9017857142857143,
    0.9174107142857143,
    0.8995535714285714,
    0.9040178571428571,
    0.8571428571428571,
    0.8392857142857143,
    0.8504464285714286,
    0.859375,
    0.8727678571428571,
    0.8303571428571429,
    0.8638392857142857,
    0.8504464285714286,
    0.8504464285714286,
    0.875,
    0.8616071428571429,
    0.84375,
    0.828125,
    0.8660714285714286,
    0.8883928571428571,
    0.84375,
    0.890625,
    0.9263392857142857,
    0.9620535714285714,
    0.9330357142857143,
    0.9308035714285714,
    0.8883928571428571,
    0.921875,
    0.9263392857142857,
    0.9129464285714286,
    0.9084821428571429,
    0.8950892857142857,
    0.8995535714285714,
    0.8772321428571429,
    0.90625,
    0.9040178571428571,
    0.9285714285714286,
    0.9151785714285714,
    0.9308035714285714,
    0.9285714285714286,
    0.8973214285714286,
    0.9285714285714286,
    0.9308035714285714,
    0.953125,
    0.9419642857142857,
    0.9330357142857143,
    0.9375,
    0.9308035714285714,
    0.9285714285714286,
    0.9598214285714286,
    0.9397321428571429,
    0.9330357142857143,
    0.9419642857142857,
    0.921875,
    0.9241071428571429,
    0.9129464285714286,
    0.9464285714285714,
    0.921875,
    0.9419642857142857,
    0.9107142857142857,
    0.9129464285714286,
    0.8995535714285714,
    0.9330357142857143,
    0.9397321428571429,
    0.9352678571428571,
    0.9375,
    0.9441964285714286,
    0.9308035714285714,
    0.9241071428571429,
    0.90625,
    0.8660714285714286,
    0.9263392857142857,
    0.9084821428571429,
    0.8995535714285714,
    0.9174107142857143,
    0.9084821428571429,
    0.921875,
    0.9107142857142857,
    0.921875,
    0.9263392857142857,
    0.9263392857142857,
    0.90625,
    0.9352678571428571
  ],
  "base_times_ms": [
    90.02329700160772,
    70.74758899398148,
    61.12144701182842,
    90.80564510077238,
    124.43035398609936,
    110.64506403636187,
    120.80958299338818,
    59.569376055151224,
    58.78343991935253,
    99.26341206301004,
    85.60693101026118,
    64.67254995368421,
    84.55768798012286,
    77.64149806462228,
    60.363601078279316,
    60.98592490889132,
    121.63368705660105,
    110.80039094667882,
    77.55527796689421,
    118.32931300159544,
    83.81519897375256,
    60.54804194718599,
    116.4844180457294,
    72.02576997224241,
    62.3807959491387,
    77.1762669319287,
    62.45332304388285,
    60.17108599189669,
    143.58308794908226,
    99.11161300260574,
    100.83132004365325,
    102.13557595852762,
    68.93101998139173,
    94.56249501090497,
    71.79512095171958,
    60.19223795738071,
    82.51672494225204,
    61.240498907864094,
    68.77271307166666,
    119.42515592090786,
    115.71426491718739,
    68.38187796529382,
    74.00145602878183,
    92.69738395232707,
    61.94909510668367,
    94.02164199855179,
    81.59926603548229,
    67.35606805887073,
    98.77107804641128,
    111.07847199309617,
    85.70279099512845,
    133.23814806062728,
    94.449638039805,
    89.00650998111814,
    80.80540900118649,
    61.73457601107657,
    180.8358890702948,
    98.47340197302401,
    58.11298196204007,
    59.95127197820693,
    136.73228991683573,
    141.92294096574187,
    61.481681070290506,
    94.34776694979519,
    97.76686190161854,
    69.78884001728147,
    64.95618505869061,
    112.27637506090105,
    62.713778926990926,
    105.81038100644946,
    64.66820603236556,
    75.96379891037941,
    121.77756195887923,
    111.69171601068228,
    63.81510500796139,
    85.24822897743434,
    62.590889050625265,
    77.59557303506881,
    132.665325072594,
    72.55791604984552,
    66.71117397490889,
    97.37510303966701,
    115.3183220885694,
    150.09220398496836,
    69.18969191610813,
    81.98991999961436,
    114.84634701628238,
    68.56494699604809,
    61.57438608352095,
    97.72388904821128,
    65.99942303728312,
    65.19768806174397,
    115.63417396973819,
    79.881178913638,
    120.29470002744347,
    97.75948291644454,
    95.44935601297766,
    109.07056205905974,
    116.30768200848252
  ],