{
  "model": "Qwen/Qwen3-0.6B",
  "device": "mps",
  "k_min": 32,
  "k_max": 512,
  "n_layers": 28,
  "hidden_size": 1024,
  "teacher_ms_per_tok": 29.37498896202532,
  "entropy_driven_ms_per_tok": 104.49355159493669,
  "speedup": 0.2811177198368737,
  "match": 6,
  "total": 80,
  "match_ratio": 0.075,
  "first_divergence": 1,
  "avg_rank_overall": 223.04566003616637,
  "avg_rank_per_layer": {
    "0": 360.62025316455697,
    "1": 386.27848101265823,
    "2": 347.4810126582278,
    "3": 243.72151898734177,
    "4": 224.55696202531647,
    "5": 192.37974683544303,
    "6": 257.9873417721519,
    "7": 259.0,
    "8": 183.55696202531647,
    "9": 222.37974683544303,
    "10": 232.64556962025316,
    "11": 243.78481012658227,
    "12": 227.0506329113924,
    "13": 274.26582278481015,
    "14": 213.37974683544303,
    "15": 196.7594936708861,
    "16": 301.56962025316454,
    "17": 241.1772151898734,
    "18": 224.54430379746836,
    "19": 159.37974683544303,
    "20": 158.70886075949366,
    "21": 135.15189873417722,
    "22": 153.67088607594937,
    "23": 151.49367088607596,
    "24": 144.30379746835442,
    "25": 179.56962025316454,
    "26": 213.0632911392405,
    "27": 116.79746835443038
  },
  "teacher_sample": " a significant finding in the field of cognitive psychology. This is because the context provides a rich and complex environment that allows for the development of more sophisticated and nuanced cognitive processes. The context is not just a backdrop; it is a dynamic and interactive element that influences the way we think and act. This is because the context provides a rich and complex environmen",
  "entropy_sample": " a fundamental and the in the natural and the the in the the the the the the the the the the the the the the the the the the the the the the the the the the the the the the the the the the the the the the the the the the the the the the the the the the the the the the the the the the the the the the the the the the the the the"
}