{
  "checkpoint": "Qwen/Qwen3-0.6B",
  "group_size": 128,
  "pre_binary_steps": 500,
  "post_binary_steps": 500,
  "T0": 3.8882325813174248,
  "T1": 3.8882332891225815,
  "T2": 3.7666686922311783,
  "T3": 15.874451994895935,
  "T4": 13.199521452188492,
  "delta_T1": 7.078051567077637e-07,
  "delta_T2": -0.12156388908624649,
  "delta_T3": 11.98621941357851,
  "delta_T4": 9.311288870871067
}