{
  "checkpoint": "Qwen/Qwen3-0.6B",
  "group_size": 128,
  "seq_len": 64,
  "batch": 1,
  "grad_accum": 8,
  "lr": 5e-05,
  "train_steps": 300,
  "trajectory": [
    {
      "step": 0,
      "ce": 16.36332580447197,
      "overall": {
        "mean": 0.9692690036657344,
        "std": 0.3128775624219786,
        "cv": 0.3227974496643232,
        "min": 0.050629980862140656,
        "max": 8.3766450881958
      },
      "by_type": {
        "q_proj": {
          "mean": 0.902850703695289,
          "cv": 0.4483846523770462
        },
        "k_proj": {
          "mean": 0.7894716973088569,
          "cv": 0.3315984511703829
        },
        "v_proj": {
          "mean": 0.8779753130064429,
          "cv": 0.1384988880070687
        },
        "o_proj": {
          "mean": 1.1215282672019384,
          "cv": 0.18538378331962624
        },
        "gate_proj": {
          "mean": 0.9799766857656886,
          "cv": 0.28414875816445795
        },
        "up_proj": {
          "mean": 0.8838696364909993,
          "cv": 0.19373736898059316
        },
        "down_proj": {
          "mean": 1.4450123923109328,
          "cv": 0.19400137730343084
        }
      }
    },
    {
      "step": 50,
      "ce": 7.723469540476799,
      "overall": {
        "mean": 0.9693393860333063,
        "std": 0.31286706920253093,
        "cv": 0.3227631866717328,
        "min": 0.052427370101213455,
        "max": 8.376289367675781
      },
      "by_type": {
        "q_proj": {
          "mean": 0.9029159305752857,
          "cv": 0.44831500607522684
        },
        "k_proj": {
          "mean": 0.7895467953043668,
          "cv": 0.3315271186623783
        },
        "v_proj": {
          "mean": 0.8780263584215261,
          "cv": 0.13847794165255028
        },
        "o_proj": {
          "mean": 1.1216056688094145,
          "cv": 0.18539772815850317
        },
        "gate_proj": {
          "mean": 0.9800402314341183,
          "cv": 0.2841106973375077
        },
        "up_proj": {
          "mean": 0.8839403890815447,
          "cv": 0.19370114127714588
        },
        "down_proj": {
          "mean": 1.4451200871668075,
          "cv": 0.1939784738859106
        }
      }
    },
    {
      "step": 100,
      "ce": 7.119056686758995,
      "overall": {
        "mean": 0.9694634116509904,
        "std": 0.3128246126587347,
        "cv": 0.3226781009981555,
        "min": 0.06164577975869179,
        "max": 8.376285552978516
      },
      "by_type": {
        "q_proj": {
          "mean": 0.9030984013020965,
          "cv": 0.44810111413501147
        },
        "k_proj": {
          "mean": 0.7897271453502981,
          "cv": 0.33132240035231764
        },
        "v_proj": {
          "mean": 0.8780647125843514,
          "cv": 0.1384542215999344
        },
        "o_proj": {
          "mean": 1.1216549364653474,
          "cv": 0.18541615600848005
        },
        "gate_proj": {
          "mean": 0.9801467576646592,
          "cv": 0.28405904167262985
        },
        "up_proj": {
          "mean": 0.8840587545079567,
          "cv": 0.19362924974795842
        },
        "down_proj": {
          "mean": 1.4453008062898465,
          "cv": 0.19391610490088754
        }
      }
    },
    {
      "step": 150,
      "ce": 6.696366906166077,
      "overall": {
        "mean": 0.9696192008892424,
        "std": 0.31278618047222234,
        "cv": 0.3225866197630623,
        "min": 0.06387815624475479,
        "max": 8.376283645629883
      },
      "by_type": {
        "q_proj": {
          "mean": 0.9033173280820067,
          "cv": 0.44788384183022684
        },
        "k_proj": {
          "mean": 0.7899370163273228,
          "cv": 0.3310987613905015
        },
        "v_proj": {
          "mean": 0.8781122239244203,
          "cv": 0.13842826447078635
        },
        "o_proj": {
          "mean": 1.1217172429423954,
          "cv": 0.18541919294025547
        },
        "gate_proj": {
          "mean": 0.9802905339480882,
          "cv": 0.28399526673113035
        },
        "up_proj": {
          "mean": 0.8842067155703608,
          "cv": 0.1935489096727844
        },
        "down_proj": {
          "mean": 1.4455375227574092,
          "cv": 0.1938453883224782
        }
      }
    },
    {
      "step": 200,
      "ce": 6.42622683942318,
      "overall": {
        "mean": 0.969762339060816,
        "std": 0.31275710831143955,
        "cv": 0.32250902691718764,
        "min": 0.0633460059762001,
        "max": 8.376275062561035
      },
      "by_type": {
        "q_proj": {
          "mean": 0.9034991040059269,
          "cv": 0.4477145718619201
        },
        "k_proj": {
          "mean": 0.7901189514133355,
          "cv": 0.33090636468768414
        },
        "v_proj": {
          "mean": 0.8781624446273781,
          "cv": 0.1384062048900753
        },
        "o_proj": {
          "mean": 1.1217842276923224,
          "cv": 0.18541011492194232
        },
        "gate_proj": {
          "mean": 0.980427172021986,
          "cv": 0.2839362665417786
        },
        "up_proj": {
          "mean": 0.8843472154053632,
          "cv": 0.19347352307891527
        },
        "down_proj": {
          "mean": 1.4457610747028542,
          "cv": 0.193781807035832
        }
      }
    },
    {
      "step": 250,
      "ce": 6.307179749011993,
      "overall": {
        "mean": 0.9699090371539005,
        "std": 0.31272964735336234,
        "cv": 0.3224319347214618,
        "min": 0.06295981258153915,
        "max": 8.376452445983887
      },
      "by_type": {
        "q_proj": {
          "mean": 0.9036729742078283,
          "cv": 0.4475456474182475
        },
        "k_proj": {
          "mean": 0.7902982391637384,
          "cv": 0.3307265806794721
        },
        "v_proj": {
          "mean": 0.8782243136842486,
          "cv": 0.13838000176821091
        },
        "o_proj": {
          "mean": 1.1218648098942399,
          "cv": 0.18539513160569746
        },
        "gate_proj": {
          "mean": 0.9805707075564507,
          "cv": 0.2838724795566738
        },
        "up_proj": {
          "mean": 0.8844887557580867,
          "cv": 0.1933994839060588
        },
        "down_proj": {
          "mean": 1.4459967447453113,
          "cv": 0.19371848751687856
        }
      }
    },
    {
      "step": 300,
      "ce": 6.2691570520401,
      "overall": {
        "mean": 0.9700487041312131,
        "std": 0.312707528583191,
        "cv": 0.32236270947163986,
        "min": 0.06306231021881104,
        "max": 8.376521110534668
      },
      "by_type": {
        "q_proj": {
          "mean": 0.9038328290269939,
          "cv": 0.4473974999750463
        },
        "k_proj": {
          "mean": 0.7904622524679975,
          "cv": 0.3305574325147004
        },
        "v_proj": {
          "mean": 0.8782885397584843,
          "cv": 0.13835035190598421
        },
        "o_proj": {
          "mean": 1.1219507840277012,
          "cv": 0.18538782870240056
        },
        "gate_proj": {
          "mean": 0.9807042738677756,
          "cv": 0.28381356253841683
        },
        "up_proj": {
          "mean": 0.884626430775305,
          "cv": 0.19333060946273495
        },
        "down_proj": {
          "mean": 1.4462251013371445,
          "cv": 0.19365976111512523
        }
      }
    }
  ],
  "initial_cv": 0.3227974496643232,
  "final_cv": 0.32236270947163986
}