{
  "model": "Qwen/Qwen3-0.6B",
  "d_kv": 1024,
  "mean_twonn_dim": 8.793191745200847,
  "per_layer_twonn_dim": [
    4.665932319057368,
    5.926642044490047,
    6.402555863000852,
    6.7123366251049355,
    6.84213898504844,
    7.191856495404679,
    7.722946030565971,
    8.448060864676915,
    8.503582348892575,
    8.745558880466385,
    9.286836190698224,
    9.060193412525924,
    9.087142630808634,
    9.87060806856047,
    10.239208114934483,
    10.525833047345214,
    9.295705721703746,
    9.883974073265389,
    10.595813523834572,
    10.43372748471645,
    10.76071595509035,
    9.967402737085745,
    9.666084957534174,
    9.161512012982977,
    9.182128785849075,
    9.089113490369964,
    9.014859365833086,
    9.926898835777136
  ],
  "baseline_sample": " a significant finding in the field of cognitive psychology. This is because the context provides a rich and complex environment that allows for the development of more sophisticated and nuanced cognitive processes. The context is not just a backdrop; it is a dynamic and interactive element that influences the way we think and act. This is because the context provides a rich and complex environmen",
  "factors": [
    {
      "factor": 1.0,
      "mean_rank": 9.285714285714286,
      "compression_ratio": 110.27692307692307,
      "per_layer_rank": [
        5,
        6,
        7,
        7,
        7,
        8,
        8,
        9,
        9,
        9,
        10,
        10,
        10,
        10,
        11,
        11,
        10,
        10,
        11,
        11,
        11,
        10,
        10,
        10,
        10,
        10,
        10,
        10
      ],
      "match": 3,
      "total": 80,
      "match_ratio": 0.0375,
      "first_divergence": 0,
      "sample": " these some and the atoms. The structure. The role. The human at the same atoms. The structure. The structure. The structure. The structure. The structure. The structure. The structure. The structure. The structure. The structure. The structure. The structure. The structure. The structure. The proce"
    },
    {
      "factor": 2.0,
      "mean_rank": 18.107142857142858,
      "compression_ratio": 56.552268244575934,
      "per_layer_rank": [
        10,
        12,
        13,
        14,
        14,
        15,
        16,
        17,
        18,
        18,
        19,
        19,
        19,
        20,
        21,
        22,
        19,
        20,
        22,
        21,
        22,
        20,
        20,
        19,
        19,
        19,
        19,
        20
      ],
      "match": 0,
      "total": 80,
      "match_ratio": 0.0,
      "first_divergence": 0,
      "sample": " involving, Structures. The emergence and matter an one shall parts. Soisonslines. Based of allasc what, Ancient depart and theirs. Magn isisor and otheroness by large aseral and matter datamanont gonele throat. So is plus there onegest. plates. So ac cellulight. summarizes the same grips reside thr"
    },
    {
      "factor": 4.0,
      "mean_rank": 35.642857142857146,
      "compression_ratio": 28.729458917835668,
      "per_layer_rank": [
        19,
        24,
        26,
        27,
        28,
        29,
        31,
        34,
        35,
        35,
        38,
        37,
        37,
        40,
        41,
        43,
        38,
        40,
        43,
        42,
        44,
        40,
        39,
        37,
        37,
        37,
        37,
        40
      ],
      "match": 0,
      "total": 80,
      "match_ratio": 0.0,
      "first_divergence": 0,
      "sample": "mb-preettoreachcul aure\u51b0 t2obelce yerts disimaocytes in ones off an paaleomorphic. Invent\n leth rlocate whichever spheresiveice u  Hammer fixed oisons euth O.`angosterone. Ober _\nrovers - houseosisol not united Artificial ..., the fact sheetzises sitiesa amumped but instrumental impl that success po"
    },
    {
      "factor": 8.0,
      "mean_rank": 70.85714285714286,
      "compression_ratio": 14.451612903225806,
      "per_layer_rank": [
        38,
        48,
        52,
        54,
        55,
        58,
        62,
        68,
        69,
        70,
        75,
        73,
        73,
        79,
        82,
        85,
        75,
        80,
        85,
        84,
        87,
        80,
        78,
        74,
        74,
        73,
        73,
        80
      ],
      "match": 1,
      "total": 80,
      "match_ratio": 0.0125,
      "first_divergence": 0,
      "sample": "cribes.  Encodes the concept. The passage. Letia adamerberdatingcretionnism. The same clear was the concept of the cosmos of the earth library neither. The same maneroyst is acribe. The passage standard is that the mathematical meaning. The passage the term unony tongings suburb trakers traverse. Th"
    }
  ]
}