{
  "qwen": {
    "label": "Qwen3-0.6B FP",
    "body_overall": {
      "n": 344064,
      "mean": 0.9692687745942381,
      "std": 0.31287740444363304,
      "cv": 0.32279736296530537,
      "min": 0.05062997341156006,
      "max": 8.376643180847168,
      "median": 0.912196934223175
    },
    "body_per_projection": {
      "q_proj": {
        "n": 57344,
        "mean": 0.9028505756557154,
        "std": 0.40482433998839773,
        "cv": 0.44838465068750166,
        "min": 0.0638340637087822,
        "max": 3.9682345390319824,
        "median": 0.8574747741222382
      },
      "k_proj": {
        "n": 28672,
        "mean": 0.7894715723132322,
        "std": 0.26178755010955157,
        "cv": 0.3315984505211345,
        "min": 0.05062997341156006,
        "max": 4.238862037658691,
        "median": 0.7844914495944977
      },
      "v_proj": {
        "n": 28672,
        "mean": 0.8779751995856974,
        "std": 0.12159860029312058,
        "cv": 0.1384989010515343,
        "min": 0.4378857910633087,
        "max": 1.799962043762207,
        "median": 0.8765574097633362
      },
      "o_proj": {
        "n": 28672,
        "mean": 1.121527770672401,
        "std": 0.20791303051687832,
        "cv": 0.18538375593876388,
        "min": 0.2398490011692047,
        "max": 3.206282138824463,
        "median": 1.1483543515205383
      },
      "gate_proj": {
        "n": 86016,
        "mean": 0.9799765271889642,
        "std": 0.27845910360527676,
        "cv": 0.2841487483419925,
        "min": 0.24296607077121735,
        "max": 8.09882926940918,
        "median": 0.9316275715827942
      },
      "up_proj": {
        "n": 86016,
        "mean": 0.88386950855749,
        "std": 0.1712385511733956,
        "cv": 0.1937373667894299,
        "min": 0.34613361954689026,
        "max": 8.376643180847168,
        "median": 0.8508864939212799
      },
      "down_proj": {
        "n": 28672,
        "mean": 1.4450114940087329,
        "std": 0.28033431036461515,
        "cv": 0.19400143979956533,
        "min": 0.3926319479942322,
        "max": 4.332280158996582,
        "median": 1.4217296242713928
      }
    },
    "body_per_projection_rms": {
      "q_proj": {
        "n": 57344,
        "mean": 0.028214080489241105,
        "std": 0.012650760624637429,
        "cv": 0.44838465068750166,
        "min": 0.0019948144908994436,
        "max": 0.12400732934474945,
        "median": 0.026796086691319942
      },
      "k_proj": {
        "n": 28672,
        "mean": 0.024670986634788505,
        "std": 0.008180860940923487,
        "cv": 0.3315984505211345,
        "min": 0.0015821866691112518,
        "max": 0.1324644386768341,
        "median": 0.024515357799828053
      },
      "v_proj": {
        "n": 28672,
        "mean": 0.027436724987053043,
        "std": 0.0037999562591600183,
        "cv": 0.1384989010515343,
        "min": 0.013683930970728397,
        "max": 0.05624881386756897,
        "median": 0.027392419055104256
      },
      "o_proj": {
        "n": 28672,
        "mean": 0.024782497047015437,
        "std": 0.0045942723840392205,
        "cv": 0.18538375593562353,
        "min": 0.00529996445402503,
        "max": 0.07084949314594269,
        "median": 0.025375286117196083
      },
      "gate_proj": {
        "n": 86016,
        "mean": 0.030624266474655132,
        "std": 0.008701846987664899,
        "cv": 0.2841487483419925,
        "min": 0.007592689711600542,
        "max": 0.25308841466903687,
        "median": 0.02911336161196232
      },
      "up_proj": {
        "n": 86016,
        "mean": 0.027620922142421563,
        "std": 0.005351204724168612,
        "cv": 0.1937373667894299,
        "min": 0.01081667561084032,
        "max": 0.261770099401474,
        "median": 0.026590202935039997
      },
      "down_proj": {
        "n": 28672,
        "mean": 0.026071180940058575,
        "std": 0.00505784664470468,
        "cv": 0.19400143999358535,
        "min": 0.007083942648023367,
        "max": 0.07816384732723236,
        "median": 0.025651125237345695
      }
    },
    "body_in_features": {
      "q_proj": 1024,
      "k_proj": 1024,
      "v_proj": 1024,
      "o_proj": 2048,
      "gate_proj": 1024,
      "up_proj": 1024,
      "down_proj": 3072
    },
    "norm_gains": {
      "n": 65536,
      "mean": 2.682832137236801,
      "std": 4.124175982816533,
      "cv": 1.5372471223877067,
      "min": -10.5,
      "max": 192.0,
      "median": 1.5078125
    },
    "embed_norms": {
      "n": 151936,
      "mean": 0.9250696527835597,
      "std": 0.13236406475717485,
      "cv": 0.14308551184106819,
      "min": 0.3023715019226074,
      "max": 1.3805749416351318,
      "median": 0.9356042742729187
    },
    "lm_head_norms": null,
    "amplitude_budget_per_param": 0.022175949834437693,
    "total_n_params": 596049920
  },
  "bitnet_master": {
    "label": "BitNet b1.58 (master FP)",
    "body_overall": {
      "n": 380928,
      "mean": 3.846432219061934,
      "std": 1.4630135895578982,
      "cv": 0.38035600427522864,
      "min": 0.030464837327599525,
      "max": 33.020790100097656,
      "median": 3.7110700607299805
    },
    "body_per_projection": {
      "q_proj": {
        "n": 36864,
        "mean": 2.9012921335578437,
        "std": 1.7892085035150551,
        "cv": 0.616693673422316,
        "min": 0.041060008108615875,
        "max": 19.64394187927246,
        "median": 2.5853538513183594
      },
      "k_proj": {
        "n": 36864,
        "mean": 2.762298188200475,
        "std": 1.746691165352008,
        "cv": 0.6323325891510309,
        "min": 0.030464837327599525,
        "max": 16.056167602539062,
        "median": 2.4323582649230957
      },
      "v_proj": {
        "n": 36864,
        "mean": 3.461991080388543,
        "std": 1.2760581051857829,
        "cv": 0.36859081249931164,
        "min": 0.8872910737991333,
        "max": 26.20298957824707,
        "median": 3.367418885231018
      },
      "o_proj": {
        "n": 36864,
        "mean": 3.9329585962113924,
        "std": 0.5718811734145893,
        "cv": 0.14540737193762499,
        "min": 2.562636375427246,
        "max": 24.312644958496094,
        "median": 3.9303138256073
      },
      "gate_proj": {
        "n": 98304,
        "mean": 3.811827361052565,
        "std": 0.6982763704717886,
        "cv": 0.18318677745126752,
        "min": 1.8333860635757446,
        "max": 17.75080108642578,
        "median": 3.779793858528137
      },
      "up_proj": {
        "n": 98304,
        "mean": 3.6598606121187913,
        "std": 0.6372510549173238,
        "cv": 0.174118941253449,
        "min": 1.6325395107269287,
        "max": 17.083744049072266,
        "median": 3.660851836204529
      },
      "down_proj": {
        "n": 36864,
        "mean": 6.763425003491445,
        "std": 0.8355010400724401,
        "cv": 0.1235322398993312,
        "min": 5.232927322387695,
        "max": 33.020790100097656,
        "median": 6.795335531234741
      }
    },
    "body_per_projection_rms": {
      "q_proj": {
        "n": 36864,
        "mean": 0.0740279694039998,
        "std": 0.045652580396526754,
        "cv": 0.6166936735409103,
        "min": 0.0010476673487573862,
        "max": 0.5012253522872925,
        "median": 0.0659666433930397
      },
      "k_proj": {
        "n": 36864,
        "mean": 0.07048146698950575,
        "std": 0.044567728478183744,
        "cv": 0.632332588718955,
        "min": 0.0007773260585963726,
        "max": 0.40968140959739685,
        "median": 0.06206288002431393
      },
      "v_proj": {
        "n": 36864,
        "mean": 0.08833449306646596,
        "std": 0.032559282575835326,
        "cv": 0.3685908125531052,
        "min": 0.022639689967036247,
        "max": 0.6685828566551208,
        "median": 0.08592143282294273
      },
      "o_proj": {
        "n": 36864,
        "mean": 0.10035147279571295,
        "std": 0.014591843932340894,
        "cv": 0.14540737196798034,