{
  "model": "model_package/Qwen3-0.6B-nGPT-perfect",
  "tag": "a1",
  "tasks": [
    "hellaswag",
    "arc_easy",
    "arc_challenge",
    "piqa",
    "winogrande"
  ],
  "results": {
    "arc_challenge": {
      "alias": "arc_challenge",
      "acc,none": 0.31569965870307165,
      "acc_stderr,none": 0.01358257109581519,
      "acc_norm,none": 0.3430034129692833,
      "acc_norm_stderr,none": 0.0138724232237182
    },
    "arc_easy": {
      "alias": "arc_easy",
      "acc,none": 0.6081649831649831,
      "acc_stderr,none": 0.010016835016835016,
      "acc_norm,none": 0.5643939393939394,
      "acc_norm_stderr,none": 0.010174341733665227
    },
    "hellaswag": {
      "alias": "hellaswag",
      "acc,none": 0.3752240589523999,
      "acc_stderr,none": 0.004831911860478841,
      "acc_norm,none": 0.4722166899024099,
      "acc_norm_stderr,none": 0.004982072108448214
    },
    "piqa": {
      "alias": "piqa",
      "acc,none": 0.6735582154515778,
      "acc_stderr,none": 0.010940467046177422,
      "acc_norm,none": 0.6708378672470077,
      "acc_norm_stderr,none": 0.010963750414134617
    },
    "winogrande": {
      "alias": "winogrande",
      "acc,none": 0.5572217837411207,
      "acc_stderr,none": 0.013960157350785
    }
  },
  "n_samples": {
    "winogrande": {
      "original": 1267,
      "effective": 1267
    },
    "piqa": {
      "original": 1838,
      "effective": 1838
    },
    "arc_challenge": {
      "original": 1172,
      "effective": 1172
    },
    "arc_easy": {
      "original": 2376,
      "effective": 2376
    },
    "hellaswag": {
      "original": 10042,
      "effective": 10042
    }
  },
  "task_versions": {
    "arc_challenge": 1.0,
    "arc_easy": 1.0,
    "hellaswag": 1.0,
    "piqa": 1.0,
    "winogrande": 1.0
  },
  "config": {
    "model_args": null,
    "batch_size": "8",
    "device": "cuda",
    "dtype": "bfloat16",
    "limit": null
  }
}